-- Script was generated by Devart dbForge Data Compare for MySQL, Version 4.0.18.0
-- Product Home Page: http://www.devart.com/dbforge/mysql/datacompare
-- Script date 21/05/2013 05:05:36 p.m.
-- Source server version: 5.5.20
-- Source connection string: User Id=root;Host=localhost;Database=plantilla_desde_0;Character Set=utf8;
-- Target server version: 5.5.20
-- Target connection string: User Id=root;Host=localhost;Database=vela_theme;Character Set=utf8;
-- Run this script against vela_theme to synchronize it with plantilla_desde_0
-- Please backup your target database before running this script


SET NAMES 'utf8';
--
-- Disable foreign keys
--
/*!40014 SET @OLD_FOREIGN_KEY_CHECKS=@@FOREIGN_KEY_CHECKS, FOREIGN_KEY_CHECKS=0 */;

--
-- Updating data of table block
--
UPDATE block SET pages = '<front>' WHERE bid = 1;
UPDATE block SET pages = '<front>' WHERE bid = 8;
UPDATE block SET module = 'comment', theme = 'velaio', weight = -8 WHERE bid = 31;
UPDATE block SET module = 'node', theme = 'velaio', status = 0, weight = -7, region = '-1' WHERE bid = 32;
--
-- Drop keys of block
--
ALTER TABLE block
  DROP INDEX list,
  DROP INDEX tmd,
  CHANGE COLUMN bid bid INT(11) NOT NULL AUTO_INCREMENT COMMENT 'Primary Key: Unique block ID.',
  CHANGE COLUMN module module VARCHAR(64) NOT NULL DEFAULT '' COMMENT 'The module from which the block originates; for example, ’user’ for the Who’s Online block, and ’block’ for any custom blocks.',
  CHANGE COLUMN delta delta VARCHAR(32) NOT NULL DEFAULT '0' COMMENT 'Unique ID for block within a module.',
  CHANGE COLUMN theme theme VARCHAR(64) NOT NULL DEFAULT '' COMMENT 'The theme under which the block settings apply.';

--
-- Inserting data into table block
--
INSERT INTO block(bid, module, delta, theme, status, weight, region, custom, visibility, pages, title, cache) VALUES
(33, 'node', 'syndicate', 'velaio', 0, -4, '-1', 0, 0, '', '', -1),
(34, 'search', 'form', 'velaio', 0, -6, '-1', 0, 0, '', '', -1),
(35, 'shortcut', 'shortcuts', 'velaio', 0, -5, '-1', 0, 0, '', '', -1),
(36, 'system', 'help', 'velaio', 0, -3, '-1', 0, 0, '', '', -1),
(37, 'system', 'main', 'velaio', 1, 0, 'content', 0, 0, '<front>', '', -1),
(38, 'system', 'main-menu', 'velaio', 1, -13, 'branding', 0, 0, '', '', -1),
(39, 'system', 'management', 'velaio', 0, -12, '-1', 0, 0, '', '', -1),
(40, 'system', 'navigation', 'velaio', 0, -11, '-1', 0, 0, '', '', -1),
(41, 'system', 'powered-by', 'velaio', 0, -10, '-1', 0, 0, '', '', -1),
(42, 'system', 'user-menu', 'velaio', 0, 0, '-1', 0, 0, '', '', -1),
(43, 'user', 'login', 'velaio', 0, -1, '-1', 0, 0, '', '', -1),
(44, 'user', 'new', 'velaio', 0, 1, '-1', 0, 0, '', '', 1),
(45, 'user', 'online', 'velaio', 0, 2, '-1', 0, 0, '', '', -1),
(46, 'blog', 'recent', 'bartik', 0, 0, '-1', 0, 0, '', '', 1),
(47, 'blog', 'recent', 'seven', 1, 0, 'dashboard_inactive', 0, 0, '', '', 1),
(48, 'blog', 'recent', 'velaio', 0, -9, '-1', 0, 0, '', '', 1),
(49, 'views', 'noticias-block', 'velaio', 1, -13, 'postscript_first', 0, 1, '<front>', '', -1),
(50, 'views', 'slideshow_homepage-block', 'velaio', 1, -13, 'menu', 0, 1, '<front>', '', -1),
(51, 'block', '1', 'bartik', 0, 0, '-1', 0, 0, '', '', -1),
(52, 'block', '1', 'seven', 0, 0, '-1', 0, 0, '', '', -1),
(53, 'block', '1', 'velaio', 1, 0, 'user_first', 0, 0, '', '', -1),
(54, 'block', '2', 'bartik', 0, 0, '-1', 0, 0, '', '', -1),
(55, 'block', '2', 'seven', 0, 0, '-1', 0, 0, '', '', -1),
(56, 'block', '2', 'velaio', 1, 0, 'user_second', 0, 0, '', '', -1),
(57, 'block', '3', 'bartik', 0, 0, '-1', 0, 0, '', '', -1),
(58, 'block', '3', 'seven', 0, 0, '-1', 0, 0, '', '', -1),
(59, 'block', '3', 'velaio', 1, 0, 'preface_first', 0, 0, '', '', -1),
(60, 'block', '4', 'bartik', 0, 0, '-1', 0, 0, '', '', -1),
(61, 'block', '4', 'seven', 0, 0, '-1', 0, 0, '', '', -1),
(62, 'block', '4', 'velaio', 0, -2, '-1', 0, 0, '', '', -1),
(63, 'block', '5', 'bartik', 0, 0, '-1', 0, 0, '', '', -1),
(64, 'block', '5', 'seven', 0, 0, '-1', 0, 0, '', '', -1),
(65, 'block', '5', 'velaio', 1, 0, 'footer_first', 0, 0, '', '', -1),
(66, 'block', '6', 'bartik', 0, 0, '-1', 0, 0, '', '', -1),
(67, 'block', '6', 'seven', 0, 0, '-1', 0, 0, '', '', -1),
(68, 'block', '6', 'velaio', 0, 0, '-1', 0, 0, '', '', -1),
(69, 'block', '7', 'bartik', 0, 0, '-1', 0, 2, '<?php\r\n$match = TRUE;\r\n/*if (arg(0) == ''node'' && is_numeric(arg(1))) \r\n{\r\n  $nid = arg(1);\r\n  $node = node_load($nid);\r\n  $type = $node->type;\r\n\tif ($nid == "9" or $nid == "8") \r\n\t{\t\t\r\n\t\t\r\n\t}  \r\n}*/\r\nif (drupal_is_front_page()){\r\n        $match = FALSE;\r\n}\r\nreturn $match;\r\n?>', '', -1),
(70, 'block', '7', 'seven', 0, 0, '-1', 0, 2, '<?php\r\n$match = TRUE;\r\n/*if (arg(0) == ''node'' && is_numeric(arg(1))) \r\n{\r\n  $nid = arg(1);\r\n  $node = node_load($nid);\r\n  $type = $node->type;\r\n\tif ($nid == "9" or $nid == "8") \r\n\t{\t\t\r\n\t\t\r\n\t}  \r\n}*/\r\nif (drupal_is_front_page()){\r\n        $match = FALSE;\r\n}\r\nreturn $match;\r\n?>', '', -1),
(71, 'block', '7', 'velaio', 1, 0, 'sidebar_second', 0, 2, '<?php\r\n$match = TRUE;\r\n/*if (arg(0) == ''node'' && is_numeric(arg(1))) \r\n{\r\n  $nid = arg(1);\r\n  $node = node_load($nid);\r\n  $type = $node->type;\r\n\tif ($nid == "9" or $nid == "8") \r\n\t{\t\t\r\n\t\t\r\n\t}  \r\n}*/\r\nif (drupal_is_front_page()){\r\n        $match = FALSE;\r\n}\r\nreturn $match;\r\n?>', '', -1),
(72, 'views', 'noticias-block', 'bartik', 0, 0, '-1', 0, 1, '<front>', '', -1),
(73, 'views', 'slideshow_homepage-block', 'bartik', 0, 0, '-1', 0, 1, '<front>', '', -1),
(74, 'views', 'noticias-block', 'seven', 0, 0, '-1', 0, 1, '<front>', '', -1),
(75, 'views', 'slideshow_homepage-block', 'seven', 0, 0, '-1', 0, 1, '<front>', '', -1);
--
-- Сreating keys for block
--
ALTER TABLE block
  CHANGE COLUMN module module VARCHAR(64) NOT NULL DEFAULT '' COMMENT 'The module from which the block originates; for example, ’user’ for the Who’s Online block, and ’block’ for any custom blocks.',
  CHANGE COLUMN delta delta VARCHAR(32) NOT NULL DEFAULT '0' COMMENT 'Unique ID for block within a module.',
  CHANGE COLUMN theme theme VARCHAR(64) NOT NULL DEFAULT '' COMMENT 'The theme under which the block settings apply.';

ALTER TABLE block
  ADD INDEX list (theme, status, region, weight, module);

ALTER TABLE block
  ADD UNIQUE INDEX tmd (theme, module, delta);

--
-- Drop keys of block_custom
--
ALTER TABLE block_custom
  DROP INDEX info,
  CHANGE COLUMN bid bid INT(10) UNSIGNED NOT NULL AUTO_INCREMENT COMMENT 'The block’s block.bid.',
  CHANGE COLUMN info info VARCHAR(128) NOT NULL DEFAULT '' COMMENT 'Block description.';

--
-- Inserting data into table block_custom
--
INSERT INTO block_custom(bid, body, info, format) VALUES
(1, '<a class="logo"  href="/"></a>', 'Logo', 'full_html'),
(2, '<div class="telefonos">\r\n\t<ul>\r\n\t\t<li class="first">\r\n\t\t\t+57 (2) 5241133\r\n\t\t\t<ul>\r\n\t\t\t\t<li>\r\n\t\t\t\t\t+57  3163436521</li>\r\n\t\t\t</ul>\r\n\t\t</li>\r\n\t</ul>\r\n</div>', 'Telefonos', 'full_html'),
(3, '<div id="column-1">\r\n\t<div class="imagen"><img src="<?php echo $GLOBALS[''base_url'']; ?>/sites/default/files/imagen-acerca-de.png"></div>\r\n\t<h2>People</h2>\r\n\t<p>Lorem ipsum dolor sit amet, consectetur adipiscing elit. Duis tempus sollicitudin pellentesque pellentesque dictum, lacus sit amet faucibus</p>\r\n</div>\r\n<div id="column-2">\r\n\t<div class="imagen"><img src="<?php echo $GLOBALS[''base_url'']; ?>/sites/default/files/imagen-personas.png"></div>\r\n\t<h2>We are hiring</h2>\r\n\t<p>Lorem ipsum dolor sit amet, consectetur adipiscing elit. Duis tempus sollicitudin pellentesque pellentesque dictum, lacus sit amet faucibus</p>\r\n</div>\r\n<div id="column-3">\r\n\t<div class="imagen"><img src="<?php echo $GLOBALS[''base_url'']; ?>/sites/default/files/imagen-empresa.png"></div>\r\n\t<h2>About us</h2>\r\n\t<p>Lorem ipsum dolor sit amet, consectetur adipiscing elit. Duis tempus sollicitudin pellentesque pellentesque dictum, lacus sit amet faucibus</p>\r\n</div>', 'Acerca de', 'php_code'),
(4, '<div id="column-1">\r\n\t<div class="imagen">\r\n\t\t&nbsp;</div>\r\n\t<h2>\r\n\t\tComo reclamo la poliza de mi seguro</h2>\r\n\t<p>Maecenas risus metus, consequat ac tristique sed, accumsan eu arcu. Aliquam sapien lorem, consequat dapibus tempor.</p>\r\n</div>\r\n<div id="column-2">\r\n\t<div class="imagen">\r\n\t\t&nbsp;</div>\r\n\t<h2>\r\n\t\tCuanto sube el SOAT en el 2013.</h2>\r\n\t<p>Donec id nunc id velit vehicula vulputate a ac neque. Etiam commodo mattis posuere. Suspendisse accumsan pretium aliquet. Curabitur ac eros turpis. Nam eget dui neque. Donec sit amet nulla vel quam suscipit ultrices tempus eget lectus. Suspendisse.</p>\r\n</div>\r\n<div id="column-3">\r\n\t<div class="imagen">\r\n\t\t&nbsp;</div>\r\n\t<h2>\r\n\t\tA donde debo llamar en un accidente.</h2>\r\n\t<p>Donec id nunc id velit vehicula vulputate a ac neque. Etiam commodo mattis posuere. Suspendisse accumsan pretium aliquet. Curabitur ac eros turpis. Nam eget dui neque. Donec sit amet nulla vel quam suscipit ultrices tempus eget lectus ac eros turpis.</p>\r\n</div>\r\n<p>&nbsp;</p>\r\n', 'Ultimas Noticias', 'full_html'),
(5, '<div class="col2">\r\n\t<div class="img">\r\n\t\t&nbsp;</div>\r\n\t<h2>Contact us</h2>\r\n\t<p>Phone:<br />\r\n\t\t+57 (2) <span style="display:none;">_</span>524 11 33<br />\r\n\t\tAddress:<br />\r\n\t\tStreet 1y No. 9 - 08<br />\r\n\t\tCali, Colombia</p>\r\n</div>\r\n<div class="col1">\r\n\t<h3>Business partner</h3>\r\n\t<ul class="imgse">\r\n\t\t<li class="img1"><a href="#"></a></li>\r\n\t\t<li class="img2"><a href="#"></a></li>\r\n\t\t<li class="img3"><a href="#"></a></li>\r\n\t\t<li class="img4"><a href="#"></a></li>\r\n\t\t<li class="img5"><a href="#"></a></li>\r\n\t\t<li class="img6"><a href="#"></a></li>\r\n\t</ul>\r\n</div>\r\n<div class="clear-block">\r\n\t&nbsp;</div>', 'Footer-Contáctenosz', 'full_html'),
(6, '<div id="credits">\tCopyright &copy; 2013. All rights reserved.<a href="http://www.velaio.com" title="Diseño Web Medico">Dise&ntilde;o Web </a> &amp; <a href="http://www.velaio.com" title="Mercadeo en Internet">Mercadeo en Internet</a> by VELAIO</div>\r\n', 'Copyright', 'full_html'),
(7, '<h2>Contact us</h2>\r\n<div id="formulario">\r\n<form action="#" accept-charset="UTF-8" method="post" id="formCandidate">\r\n    <div class="half-inner">\r\n      <div class="half nombre">\r\n        <input type="text" id="nombre" name="nombre" placeholder="First name:" required>\r\n        <label id="nombre" style="background: #D71636;padding: 5px 10px;color: white;border-radius: 6px;display: none;right: -100px;cursor:pointer;position: absolute;top: 26px;z-index: 2;">Debe llenar este campo</label>\r\n      </div>\r\n      <div class="half apellidos">\r\n        <input type="text" id="apellidos"  placeholder="Last name: " required name="apellidos">\r\n        <label id="apellidos" style="background: #D71636;padding: 5px 10px;color: white;border-radius: 6px;display: none;right: -100px;cursor:pointer;position: absolute;top: 26px;z-index: 2;">Debe llenar este campo</label>\r\n      </div>\r\n      <div class="half celular">\r\n        <input type="text" id="celular" placeholder="Mobil phone: " required name="celular">\r\n        <label id="celular" style="background: #D71636;padding: 5px 10px;color: white;border-radius: 6px;display: none;right: -100px;cursor:pointer;position: absolute;top: 26px;z-index: 2;">Debe llenar este campo</label>\r\n      </div>\r\n      <div class="half telefono">\r\n        <input type="text" id="telefono" placeholder="Phone: " required name="telefono">\r\n        <label id="telefono" style="background: #D71636;padding: 5px 10px;color: white;border-radius: 6px;display: none;right: -100px;cursor:pointer;position: absolute;top: 26px;z-index: 2;">Debe llenar este campo</label>\r\n      </div>\r\n      <div class="half pais">\r\n        <select id="pais" name="pais">\r\n          <option value="AF">Afganistán</option>\r\n          <option value="AL">Albania</option>\r\n          <option value="DE">Alemania</option>\r\n          <option value="AD">Andorra</option>\r\n          <option value="AO">Angola</option>\r\n          <option value="AI">Anguila</option>\r\n          <option value="AQ">Antártida</option>\r\n          <option value="AG">Antigua y Barbuda</option>\r\n          <option value="AN">Antillas holandesas</option>\r\n          <option value="SA">Arabia Saudí</option>\r\n          <option value="DZ">Argelia</option>\r\n          <option value="AR">Argentina</option>\r\n          <option value="AM">Armenia</option>\r\n          <option value="AW">Aruba</option>\r\n          <option value="AU">Australia</option>\r\n          <option value="AT">Austria</option>\r\n          <option value="PS">Autoridad Palestina</option>\r\n          <option value="AZ">Azerbaiyán</option>\r\n          <option value="BH">Bahrein</option>\r\n          <option value="BD">Bangladesh</option>\r\n          <option value="BB">Barbados</option>\r\n          <option value="BE">Bélgica</option>\r\n          <option value="BZ">Belice</option>\r\n          <option value="BJ">Benín</option>\r\n          <option value="BM">Bermudas</option>\r\n          <option value="BT">Bhután</option>\r\n          <option value="BY">Bielorrusia</option>\r\n          <option value="MM">Birmania</option>\r\n          <option value="BO">Bolivia</option>\r\n          <option value="BA">Bosnia y Herzegovina</option>\r\n          <option value="BW">Botsuana</option>\r\n          <option value="BR">Brasil</option>\r\n          <option value="BN">Brunéi</option>\r\n          <option value="BG">Bulgaria</option>\r\n          <option value="BF">Burkina Faso</option>\r\n          <option value="BI">Burundi</option>\r\n          <option value="CV">Cabo Verde</option>\r\n          <option value="KH">Camboya</option>\r\n          <option value="CM">Camerún</option>\r\n          <option value="CA">Canadá</option>\r\n          <option value="TD">Chad</option>\r\n          <option value="CL">Chile</option>\r\n          <option value="CN">China</option>\r\n          <option value="CY">Chipre</option>\r\n          <option value="VA">Ciudad estado del Vaticano (Santa Sede) </option>\r\n          <option selected="" value="CO">Colombia</option>\r\n          <option value="KM">Comores</option>\r\n          <option value="CG">Congo</option>\r\n          <option value="CD">Congo (RDC)</option>\r\n          <option value="KR">Corea</option>\r\n          <option value="KP">Corea del Norte</option>\r\n          <option value="CI">Costa del Marfíl</option>\r\n          <option value="CR">Costa Rica</option>\r\n          <option value="HR">Croacia (Hrvatska)</option>\r\n          <option value="CU">Cuba</option>\r\n          <option value="DK">Dinamarca</option>\r\n          <option value="DJ">Djibouri</option>\r\n          <option value="DM">Dominica</option>\r\n          <option value="EC">Ecuador</option>\r\n          <option value="EG">Egipto</option>\r\n          <option value="SV">El Salvador</option>\r\n          <option value="AE">Emiratos Árabes Unidos</option>\r\n          <option value="ER">Eritrea</option>\r\n          <option value="SK">Eslovaquia</option>\r\n          <option value="SI">Eslovenia</option>\r\n          <option value="ES">España</option>\r\n          <option value="US">Estados Unidos</option>\r\n          <option value="EE">Estonia</option>\r\n          <option value="ET">Etiopía</option>\r\n          <option value="MK">Ex-República Yugoslava de Macedonia </option>\r\n          <option value="PH">Filipinas</option>\r\n          <option value="FI">Finlandia</option>\r\n          <option value="FR">Francia</option>\r\n          <option value="GA">Gabón</option>\r\n          <option value="GM">Gambia</option>\r\n          <option value="GE">Georgia</option>\r\n          <option value="GH">Ghana</option>\r\n          <option value="GI">Gibraltar</option>\r\n          <option value="GD">Granada</option>\r\n          <option value="GR">Grecia</option>\r\n          <option value="GL">Groenlandia</option>\r\n          <option value="GP">Guadalupe</option>\r\n          <option value="GU">Guam</option>\r\n          <option value="GT">Guatemala</option>\r\n          <option value="GY">Guayana</option>\r\n          <option value="GF">Guayana Francesa</option>\r\n          <option value="GG">Guernsey</option>\r\n          <option value="GN">Guinea</option>\r\n          <option value="GQ">Guinea Ecuatorial</option>\r\n          <option value="GW">Guinea-Bissau</option>\r\n          <option value="HT">Haití</option>\r\n          <option value="HN">Honduras</option>\r\n          <option value="HK">Hong Kong, ZAE</option>\r\n          <option value="HU">Hungría</option>\r\n          <option value="IN">India</option>\r\n          <option value="ID">Indonesia</option>\r\n          <option value="IQ">Irak</option>\r\n          <option value="IR">Irán</option>\r\n          <option value="IE">Irlanda</option>\r\n          <option value="BV">Isla Bouvet</option>\r\n          <option value="CX">Isla Christmas</option>\r\n          <option value="IM">Isla de Man</option>\r\n          <option value="NF">Isla Norfolk</option>\r\n          <option value="IS">Islandia</option>\r\n          <option value="KY">Islas Caimán</option>\r\n          <option value="CC">Islas Cocos</option>\r\n          <option value="CK">Islas Cook</option>\r\n          <option value="FO">Islas Feroe</option>\r\n          <option value="FJ">Islas Fiji</option>\r\n          <option value="GS">Islas Georgias del Sur y Sandwich del Sur </option>\r\n          <option value="HM">Islas Heard y McDonald</option>\r\n          <option value="FK">Islas Malvinas (Falkland Islands) </option>\r\n          <option value="MP">Islas Marianas del Norte</option>\r\n          <option value="MH">Islas Marshall</option>\r\n          <option value="UM">Islas periféricas menores de los Estados Unidos</option>\r\n          <option value="PN">Islas Pitcairn</option>\r\n          <option value="SB">Islas Salomón</option>\r\n          <option value="SJ">Islas Svalbard y Jan Mayen</option>\r\n          <option value="TC">Islas Turks y Caicos</option>\r\n          <option value="VG">Islas Vírgenes Británicas</option>\r\n          <option value="VI">Islas Vírgenes, EE.UU.</option>\r\n          <option value="WF">Islas Wallis y Futuna</option>\r\n          <option value="IL">Israel</option>\r\n          <option value="IT">Italia</option>\r\n          <option value="JM">Jamaica</option>\r\n          <option value="JP">Japón</option>\r\n          <option value="JE">Jersey</option>\r\n          <option value="JO">Jordania</option>\r\n          <option value="KZ">Kazajstán</option>\r\n          <option value="KE">Kenia</option>\r\n          <option value="KG">Kirguizistán</option>\r\n          <option value="KI">Kiribati</option>\r\n          <option value="KW">Kuwait</option>\r\n          <option value="LA">Laos</option>\r\n          <option value="BS">Las Bahamas</option>\r\n          <option value="LS">Lesoto</option>\r\n          <option value="LV">Letonia</option>\r\n          <option value="LB">Líbano</option>\r\n          <option value="LR">Liberia</option>\r\n          <option value="LY">Libia</option>\r\n          <option value="LI">Liechtenstein</option>\r\n          <option value="LT">Lituania</option>\r\n          <option value="LU">Luxemburgo</option>\r\n          <option value="MO">Macao, ZAE</option>\r\n          <option value="MG">Madagascar</option>\r\n          <option value="MY">Malaisia</option>\r\n          <option value="MW">Malawi</option>\r\n          <option value="MV">Maldivas</option>\r\n          <option value="ML">Malí</option>\r\n          <option value="MT">Malta</option>\r\n          <option value="MA">Marruecos</option>\r\n          <option value="MQ">Martinica</option>\r\n          <option value="MU">Mauricio</option>\r\n          <option value="MR">Mauritania</option>\r\n          <option value="YT">Mayotte</option>\r\n          <option value="MX">México</option>\r\n          <option value="FM">Micronesia</option>\r\n          <option value="MD">Moldavia</option>\r\n          <option value="MC">Mónaco</option>\r\n          <option value="MN">Mongolia</option>\r\n          <option value="ME">Montenegro</option>\r\n          <option value="MS">Montserrat</option>\r\n          <option value="MZ">Mozambique</option>\r\n          <option value="NA">Namibia</option>\r\n          <option value="NR">Nauru</option>\r\n          <option value="NP">Nepal</option>\r\n          <option value="NI">Nicaragua</option>\r\n          <option value="NE">Níger</option>\r\n          <option value="NG">Nigeria</option>\r\n          <option value="NU">Niue</option>\r\n          <option value="NO">Noruega</option>\r\n          <option value="NC">Nueva Caledonia</option>\r\n          <option value="NZ">Nueva Zelanda</option>\r\n          <option value="OM">Omán</option>\r\n          <option value="NL">Países Bajos</option>\r\n          <option value="PK">Pakistán</option>\r\n          <option value="PW">Palaos</option>\r\n          <option value="PA">Panamá</option>\r\n          <option value="PG">Papúa-Nueva Guinea</option>\r\n          <option value="PY">Paraguay</option>\r\n          <option value="PE">Perú</option>\r\n          <option value="PF">Polinesia Francesa</option>\r\n          <option value="PL">Polonia</option>\r\n          <option value="PT">Portugal</option>\r\n          <option value="PR">Puerto Rico</option>\r\n          <option value="QA">Qatar</option>\r\n          <option value="UK">Reino Unido</option>\r\n          <option value="CF">República Centroafricana</option>\r\n          <option value="CZ">República Checa</option>\r\n          <option value="ZA">República de Sudáfrica</option>\r\n          <option value="DO">República Dominicana</option>\r\n          <option value="RE">Reunión</option>\r\n          <option value="RW">Ruanda</option>\r\n          <option value="RO">Rumanía</option>\r\n          <option value="RU">Rusia</option>\r\n          <option value="KN">Saint Kitts y Nevis</option>\r\n          <option value="WS">Samoa</option>\r\n          <option value="AS">Samoa Americana</option>\r\n          <option value="SM">San Marino</option>\r\n          <option value="PM">San Pedro y Miquelón</option>\r\n          <option value="VC">San Vicente y las Granadinas</option>\r\n          <option value="SH">Santa Elena</option>\r\n          <option value="LC">Santa Lucía</option>\r\n          <option value="ST">Santo Tomé y Príncipe</option>\r\n          <option value="SN">Senegal</option>\r\n          <option value="RS">Serbia</option>\r\n          <option value="SC">Seychelles</option>\r\n          <option value="SL">Sierra Leona</option>\r\n          <option value="SG">Singapur</option>\r\n          <option value="SY">Siria</option>\r\n          <option value="SO">Somalia</option>\r\n          <option value="LK">Sri Lanka</option>\r\n          <option value="SZ">Suazilandia</option>\r\n          <option value="SD">Sudán</option>\r\n          <option value="SE">Suecia</option>\r\n          <option value="CH">Suiza</option>\r\n          <option value="SR">Surinam</option>\r\n          <option value="TH">Tailandia</option>\r\n          <option value="TW">Taiwán</option>\r\n          <option value="TZ">Tanzania</option>\r\n          <option value="TJ">Tayikistán</option>\r\n          <option value="IO">Territorio Británico del Océano Índico </option>\r\n          <option value="TF">Tierras Australes y Antárticas Francesas </option>\r\n          <option value="TP">Timor Oriental</option>\r\n          <option value="TG">Togo</option>\r\n          <option value="TK">Tokelau</option>\r\n          <option value="TO">Tonga</option>\r\n          <option value="TT">Trinidad y Tobago</option>\r\n          <option value="TN">Túnez</option>\r\n          <option value="TM">Turkmenistán</option>\r\n          <option value="TR">Turquía</option>\r\n          <option value="TV">Tuvalu</option>\r\n          <option value="UA">Ucrania</option>\r\n          <option value="UG">Uganda</option>\r\n          <option value="UY">Uruguay</option>\r\n          <option value="UZ">Uzbekistán</option>\r\n          <option value="VU">Vanuatu</option>\r\n          <option value="VE">Venezuela</option>\r\n          <option value="VN">Vietnam</option>\r\n          <option value="YE">Yemen</option>\r\n          <option value="ZM">Zambia</option>\r\n          <option value="ZW">Zimbabue</option>\r\n        </select>\r\n        <label id="pais" style="background: #D71636;padding: 5px 10px;color: white;border-radius: 6px;display: none;right: -100px;cursor:pointer;position: absolute;top: 26px;z-index: 2;">Debe llenar este campo</label>\r\n      </div>\r\n      <div class="half ciudad">\r\n        <input type="text" id="ciudad" placeholder="City: " required name="ciudad">\r\n        <label id="ciudad" style="background: #D71636;padding: 5px 10px;color: white;border-radius: 6px;display: none;right: -100px;cursor:pointer;position: absolute;top: 26px;z-index: 2;">Debe llenar este campo</label>\r\n      </div>\r\n      <div class="half mail">\r\n        <input type="text" id="mail" placeholder="E-mail: " required name="mail">\r\n        <label id="mail" style="background: #D71636;padding: 5px 10px;color: white;border-radius: 6px;display: none;right: -100px;cursor:pointer;position: absolute;top: 26px;z-index: 2;">Debe llenar este campo</label>\r\n      </div>\r\n      <div class="half descripcion">\r\n        <textarea cols="20" name="Description" required  placeholder="Question: "rows="4" id="description"></textarea>\r\n        <label id="description" style="background: #D71636;padding: 5px 10px;color: white;border-radius: 6px;display: none;right: -100px;cursor:pointer;position: absolute;top: 26px;z-index: 2;">Debe llenar este campo</label>\r\n      </div>\r\n    </div>\r\n    <div class="bottom-enviar">\r\n        <input type="submit" name="submit" class="submit" id="submit" value="Enviar">\r\n    </div>\r\n    </form>\r\n</div>', 'Formulario', 'php_code');
--
-- Сreating keys for block_custom
--
ALTER TABLE block_custom
  CHANGE COLUMN info info VARCHAR(128) NOT NULL DEFAULT '' COMMENT 'Block description.';

ALTER TABLE block_custom
  ADD UNIQUE INDEX info (info);

--
-- Drop keys of field_config
--
ALTER TABLE field_config
  DROP INDEX active,
  DROP INDEX deleted,
  DROP INDEX field_name,
  DROP INDEX module,
  DROP INDEX storage_active,
  DROP INDEX storage_module,
  DROP INDEX storage_type,
  DROP INDEX type,
  CHANGE COLUMN id id INT(11) NOT NULL AUTO_INCREMENT COMMENT 'The primary identifier for a field';

--
-- Inserting data into table field_config
--
INSERT INTO field_config(id, field_name, type, module, active, storage_type, storage_module, storage_active, locked, data, cardinality, translatable, deleted) VALUES
(5, 'field_imagen_slideshow', 'image', 'image', 1, 'field_sql_storage', 'field_sql_storage', 1, 0, x'613A373A7B733A31323A227472616E736C617461626C65223B733A313A2230223B733A31323A22656E746974795F7479706573223B613A303A7B7D733A383A2273657474696E6773223B613A323A7B733A31303A227572695F736368656D65223B733A363A227075626C6963223B733A31333A2264656661756C745F696D616765223B693A303B7D733A373A2273746F72616765223B613A353A7B733A343A2274797065223B733A31373A226669656C645F73716C5F73746F72616765223B733A383A2273657474696E6773223B613A303A7B7D733A363A226D6F64756C65223B733A31373A226669656C645F73716C5F73746F72616765223B733A363A22616374697665223B733A313A2231223B733A373A2264657461696C73223B613A313A7B733A333A2273716C223B613A323A7B733A31383A224649454C445F4C4F41445F43555252454E54223B613A313A7B733A33333A226669656C645F646174615F6669656C645F696D6167656E5F736C69646573686F77223B613A353A7B733A333A22666964223B733A32363A226669656C645F696D6167656E5F736C69646573686F775F666964223B733A333A22616C74223B733A32363A226669656C645F696D6167656E5F736C69646573686F775F616C74223B733A353A227469746C65223B733A32383A226669656C645F696D6167656E5F736C69646573686F775F7469746C65223B733A353A227769647468223B733A32383A226669656C645F696D6167656E5F736C69646573686F775F7769647468223B733A363A22686569676874223B733A32393A226669656C645F696D6167656E5F736C69646573686F775F686569676874223B7D7D733A31393A224649454C445F4C4F41445F5245564953494F4E223B613A313A7B733A33373A226669656C645F7265766973696F6E5F6669656C645F696D6167656E5F736C69646573686F77223B613A353A7B733A333A22666964223B733A32363A226669656C645F696D6167656E5F736C69646573686F775F666964223B733A333A22616C74223B733A32363A226669656C645F696D6167656E5F736C69646573686F775F616C74223B733A353A227469746C65223B733A32383A226669656C645F696D6167656E5F736C69646573686F775F7469746C65223B733A353A227769647468223B733A32383A226669656C645F696D6167656E5F736C69646573686F775F7769647468223B733A363A22686569676874223B733A32393A226669656C645F696D6167656E5F736C69646573686F775F686569676874223B7D7D7D7D7D733A31323A22666F726569676E206B657973223B613A313A7B733A333A22666964223B613A323A7B733A353A227461626C65223B733A31323A2266696C655F6D616E61676564223B733A373A22636F6C756D6E73223B613A313A7B733A333A22666964223B733A333A22666964223B7D7D7D733A373A22696E6465786573223B613A313A7B733A333A22666964223B613A313A7B693A303B733A333A22666964223B7D7D733A323A226964223B733A313A2235223B7D', 1, 0, 0),
(6, 'field_imagen', 'image', 'image', 1, 'field_sql_storage', 'field_sql_storage', 1, 0, x'613A373A7B733A31323A227472616E736C617461626C65223B733A313A2230223B733A31323A22656E746974795F7479706573223B613A303A7B7D733A383A2273657474696E6773223B613A323A7B733A31303A227572695F736368656D65223B733A363A227075626C6963223B733A31333A2264656661756C745F696D616765223B693A303B7D733A373A2273746F72616765223B613A353A7B733A343A2274797065223B733A31373A226669656C645F73716C5F73746F72616765223B733A383A2273657474696E6773223B613A303A7B7D733A363A226D6F64756C65223B733A31373A226669656C645F73716C5F73746F72616765223B733A363A22616374697665223B733A313A2231223B733A373A2264657461696C73223B613A313A7B733A333A2273716C223B613A323A7B733A31383A224649454C445F4C4F41445F43555252454E54223B613A313A7B733A32333A226669656C645F646174615F6669656C645F696D6167656E223B613A353A7B733A333A22666964223B733A31363A226669656C645F696D6167656E5F666964223B733A333A22616C74223B733A31363A226669656C645F696D6167656E5F616C74223B733A353A227469746C65223B733A31383A226669656C645F696D6167656E5F7469746C65223B733A353A227769647468223B733A31383A226669656C645F696D6167656E5F7769647468223B733A363A22686569676874223B733A31393A226669656C645F696D6167656E5F686569676874223B7D7D733A31393A224649454C445F4C4F41445F5245564953494F4E223B613A313A7B733A32373A226669656C645F7265766973696F6E5F6669656C645F696D6167656E223B613A353A7B733A333A22666964223B733A31363A226669656C645F696D6167656E5F666964223B733A333A22616C74223B733A31363A226669656C645F696D6167656E5F616C74223B733A353A227469746C65223B733A31383A226669656C645F696D6167656E5F7469746C65223B733A353A227769647468223B733A31383A226669656C645F696D6167656E5F7769647468223B733A363A22686569676874223B733A31393A226669656C645F696D6167656E5F686569676874223B7D7D7D7D7D733A31323A22666F726569676E206B657973223B613A313A7B733A333A22666964223B613A323A7B733A353A227461626C65223B733A31323A2266696C655F6D616E61676564223B733A373A22636F6C756D6E73223B613A313A7B733A333A22666964223B733A333A22666964223B7D7D7D733A373A22696E6465786573223B613A313A7B733A333A22666964223B613A313A7B693A303B733A333A22666964223B7D7D733A323A226964223B733A313A2236223B7D', 1, 0, 0);
--
-- Сreating keys for field_config
--
ALTER TABLE field_config
  ADD INDEX active (active);

ALTER TABLE field_config
  ADD INDEX deleted (deleted);

ALTER TABLE field_config
  ADD INDEX field_name (field_name);

ALTER TABLE field_config
  ADD INDEX module (module);

ALTER TABLE field_config
  ADD INDEX storage_active (storage_active);

ALTER TABLE field_config
  ADD INDEX storage_module (storage_module);

ALTER TABLE field_config
  ADD INDEX storage_type (storage_type);

ALTER TABLE field_config
  ADD INDEX type (type);

--
-- Updating data of table field_config_instance
--
UPDATE field_config_instance SET data = x'613A363A7B733A353A226C6162656C223B733A343A22426F6479223B733A363A22776964676574223B613A343A7B733A343A2274797065223B733A32363A22746578745F74657874617265615F776974685F73756D6D617279223B733A383A2273657474696E6773223B613A323A7B733A343A22726F7773223B693A32303B733A31323A2273756D6D6172795F726F7773223B693A353B7D733A363A22776569676874223B733A323A222D34223B733A363A226D6F64756C65223B733A343A2274657874223B7D733A383A2273657474696E6773223B613A333A7B733A31353A22646973706C61795F73756D6D617279223B623A313B733A31353A22746578745F70726F63657373696E67223B693A313B733A31383A22757365725F72656769737465725F666F726D223B623A303B7D733A373A22646973706C6179223B613A323A7B733A373A2264656661756C74223B613A353A7B733A353A226C6162656C223B733A363A2268696464656E223B733A343A2274797065223B733A31323A22746578745F64656661756C74223B733A363A22776569676874223B733A313A2231223B733A383A2273657474696E6773223B613A303A7B7D733A363A226D6F64756C65223B733A343A2274657874223B7D733A363A22746561736572223B613A353A7B733A353A226C6162656C223B733A363A2268696464656E223B733A343A2274797065223B733A32333A22746578745F73756D6D6172795F6F725F7472696D6D6564223B733A383A2273657474696E6773223B613A313A7B733A31313A227472696D5F6C656E677468223B693A3630303B7D733A363A226D6F64756C65223B733A343A2274657874223B733A363A22776569676874223B693A303B7D7D733A383A227265717569726564223B623A303B733A31313A226465736372697074696F6E223B733A303A22223B7D' WHERE id = 8;
--
-- Drop keys of field_config_instance
--
ALTER TABLE field_config_instance
  DROP INDEX deleted,
  DROP INDEX field_name_bundle,
  CHANGE COLUMN id id INT(11) NOT NULL AUTO_INCREMENT COMMENT 'The primary identifier for a field instance';

--
-- Inserting data into table field_config_instance
--
INSERT INTO field_config_instance(id, field_id, field_name, entity_type, bundle, data, deleted) VALUES
(9, 1, 'comment_body', 'comment', 'comment_node_slideshow_homepage', x'613A363A7B733A353A226C6162656C223B733A373A22436F6D6D656E74223B733A383A2273657474696E6773223B613A323A7B733A31353A22746578745F70726F63657373696E67223B693A313B733A31383A22757365725F72656769737465725F666F726D223B623A303B7D733A383A227265717569726564223B623A313B733A373A22646973706C6179223B613A313A7B733A373A2264656661756C74223B613A353A7B733A353A226C6162656C223B733A363A2268696464656E223B733A343A2274797065223B733A31323A22746578745F64656661756C74223B733A363A22776569676874223B693A303B733A383A2273657474696E6773223B613A303A7B7D733A363A226D6F64756C65223B733A343A2274657874223B7D7D733A363A22776964676574223B613A343A7B733A343A2274797065223B733A31333A22746578745F7465787461726561223B733A383A2273657474696E6773223B613A313A7B733A343A22726F7773223B693A353B7D733A363A22776569676874223B693A303B733A363A226D6F64756C65223B733A343A2274657874223B7D733A31313A226465736372697074696F6E223B733A303A22223B7D', 0),
(10, 2, 'body', 'node', 'slideshow_homepage', x'613A363A7B733A353A226C6162656C223B733A343A22426F6479223B733A363A22776964676574223B613A343A7B733A343A2274797065223B733A32363A22746578745F74657874617265615F776974685F73756D6D617279223B733A383A2273657474696E6773223B613A323A7B733A343A22726F7773223B693A32303B733A31323A2273756D6D6172795F726F7773223B693A353B7D733A363A22776569676874223B733A313A2232223B733A363A226D6F64756C65223B733A343A2274657874223B7D733A383A2273657474696E6773223B613A333A7B733A31353A22646973706C61795F73756D6D617279223B623A313B733A31353A22746578745F70726F63657373696E67223B693A313B733A31383A22757365725F72656769737465725F666F726D223B623A303B7D733A373A22646973706C6179223B613A323A7B733A373A2264656661756C74223B613A353A7B733A353A226C6162656C223B733A363A2268696464656E223B733A343A2274797065223B733A31323A22746578745F64656661756C74223B733A363A22776569676874223B733A313A2230223B733A383A2273657474696E6773223B613A303A7B7D733A363A226D6F64756C65223B733A343A2274657874223B7D733A363A22746561736572223B613A353A7B733A353A226C6162656C223B733A363A2268696464656E223B733A343A2274797065223B733A32333A22746578745F73756D6D6172795F6F725F7472696D6D6564223B733A383A2273657474696E6773223B613A313A7B733A31313A227472696D5F6C656E677468223B693A3630303B7D733A363A226D6F64756C65223B733A343A2274657874223B733A363A22776569676874223B693A303B7D7D733A383A227265717569726564223B623A303B733A31313A226465736372697074696F6E223B733A303A22223B7D', 0),
(11, 5, 'field_imagen_slideshow', 'node', 'slideshow_homepage', x'613A363A7B733A353A226C6162656C223B733A31363A22496D6167656E20736C69646573686F77223B733A363A22776964676574223B613A353A7B733A363A22776569676874223B733A313A2231223B733A343A2274797065223B733A31313A22696D6167655F696D616765223B733A363A226D6F64756C65223B733A353A22696D616765223B733A363A22616374697665223B693A313B733A383A2273657474696E6773223B613A323A7B733A31383A2270726F67726573735F696E64696361746F72223B733A383A227468726F62626572223B733A31393A22707265766965775F696D6167655F7374796C65223B733A393A227468756D626E61696C223B7D7D733A383A2273657474696E6773223B613A393A7B733A31343A2266696C655F6469726563746F7279223B733A303A22223B733A31353A2266696C655F657874656E73696F6E73223B733A31363A22706E6720676966206A7067206A706567223B733A31323A226D61785F66696C6573697A65223B733A303A22223B733A31343A226D61785F7265736F6C7574696F6E223B733A303A22223B733A31343A226D696E5F7265736F6C7574696F6E223B733A303A22223B733A393A22616C745F6669656C64223B693A303B733A31313A227469746C655F6669656C64223B693A303B733A31333A2264656661756C745F696D616765223B693A303B733A31383A22757365725F72656769737465725F666F726D223B623A303B7D733A373A22646973706C6179223B613A313A7B733A373A2264656661756C74223B613A353A7B733A353A226C6162656C223B733A363A2268696464656E223B733A343A2274797065223B733A353A22696D616765223B733A363A22776569676874223B733A313A2231223B733A383A2273657474696E6773223B613A323A7B733A31313A22696D6167655F7374796C65223B733A303A22223B733A31303A22696D6167655F6C696E6B223B733A303A22223B7D733A363A226D6F64756C65223B733A353A22696D616765223B7D7D733A383A227265717569726564223B693A303B733A31313A226465736372697074696F6E223B733A303A22223B7D', 0),
(12, 6, 'field_imagen', 'node', 'blog', x'613A363A7B733A353A226C6162656C223B733A363A22496D6167656E223B733A363A22776964676574223B613A353A7B733A363A22776569676874223B733A323A222D33223B733A343A2274797065223B733A31313A22696D6167655F696D616765223B733A363A226D6F64756C65223B733A353A22696D616765223B733A363A22616374697665223B693A313B733A383A2273657474696E6773223B613A323A7B733A31383A2270726F67726573735F696E64696361746F72223B733A383A227468726F62626572223B733A31393A22707265766965775F696D6167655F7374796C65223B733A393A227468756D626E61696C223B7D7D733A383A2273657474696E6773223B613A393A7B733A31343A2266696C655F6469726563746F7279223B733A303A22223B733A31353A2266696C655F657874656E73696F6E73223B733A31363A22706E6720676966206A7067206A706567223B733A31323A226D61785F66696C6573697A65223B733A303A22223B733A31343A226D61785F7265736F6C7574696F6E223B733A303A22223B733A31343A226D696E5F7265736F6C7574696F6E223B733A303A22223B733A393A22616C745F6669656C64223B693A303B733A31313A227469746C655F6669656C64223B693A303B733A31333A2264656661756C745F696D616765223B693A303B733A31383A22757365725F72656769737465725F666F726D223B623A303B7D733A373A22646973706C6179223B613A313A7B733A373A2264656661756C74223B613A353A7B733A353A226C6162656C223B733A363A2268696464656E223B733A343A2274797065223B733A353A22696D616765223B733A363A22776569676874223B733A313A2230223B733A383A2273657474696E6773223B613A323A7B733A31313A22696D6167655F7374796C65223B733A303A22223B733A31303A22696D6167655F6C696E6B223B733A303A22223B7D733A363A226D6F64756C65223B733A353A22696D616765223B7D7D733A383A227265717569726564223B693A303B733A31313A226465736372697074696F6E223B733A303A22223B7D', 0);
--
-- Сreating keys for field_config_instance
--
ALTER TABLE field_config_instance
  ADD INDEX deleted (deleted);

ALTER TABLE field_config_instance
  ADD INDEX field_name_bundle (field_name, entity_type, bundle);

--
-- Drop keys of field_data_body
--
ALTER TABLE field_data_body
  DROP INDEX body_format,
  DROP INDEX bundle,
  DROP INDEX deleted,
  DROP INDEX entity_id,
  DROP INDEX entity_type,
  DROP INDEX language,
  DROP INDEX revision_id,
  CHANGE COLUMN entity_type entity_type VARCHAR(128) NOT NULL DEFAULT '' COMMENT 'The entity type this data is attached to',
  CHANGE COLUMN deleted deleted TINYINT(4) NOT NULL DEFAULT 0 COMMENT 'A boolean indicating whether this data item has been deleted',
  CHANGE COLUMN entity_id entity_id INT(10) UNSIGNED NOT NULL COMMENT 'The entity id this data is attached to',
  CHANGE COLUMN language language VARCHAR(32) NOT NULL DEFAULT '' COMMENT 'The language for this data item.',
  CHANGE COLUMN delta delta INT(10) UNSIGNED NOT NULL COMMENT 'The sequence number for this data item, used for multi-value fields';
--
-- Table structure for table `field_data_field_imagen_slideshow`
--

DROP TABLE IF EXISTS `field_data_field_imagen_slideshow`;
/*!40101 SET @saved_cs_client     = @@character_set_client */;
/*!40101 SET character_set_client = utf8 */;
CREATE TABLE `field_data_field_imagen_slideshow` (
  `entity_type` varchar(128) NOT NULL DEFAULT '' COMMENT 'The entity type this data is attached to',
  `bundle` varchar(128) NOT NULL DEFAULT '' COMMENT 'The field instance bundle to which this row belongs, used when deleting a field instance',
  `deleted` tinyint(4) NOT NULL DEFAULT '0' COMMENT 'A boolean indicating whether this data item has been deleted',
  `entity_id` int(10) unsigned NOT NULL COMMENT 'The entity id this data is attached to',
  `revision_id` int(10) unsigned DEFAULT NULL COMMENT 'The entity revision id this data is attached to, or NULL if the entity type is not versioned',
  `language` varchar(32) NOT NULL DEFAULT '' COMMENT 'The language for this data item.',
  `delta` int(10) unsigned NOT NULL COMMENT 'The sequence number for this data item, used for multi-value fields',
  `field_imagen_slideshow_fid` int(10) unsigned DEFAULT NULL COMMENT 'The file_managed.fid being referenced in this field.',
  `field_imagen_slideshow_alt` varchar(512) DEFAULT NULL COMMENT 'Alternative image text, for the image’s ’alt’ attribute.',
  `field_imagen_slideshow_title` varchar(1024) DEFAULT NULL COMMENT 'Image title text, for the image’s ’title’ attribute.',
  `field_imagen_slideshow_width` int(10) unsigned DEFAULT NULL COMMENT 'The width of the image in pixels.',
  `field_imagen_slideshow_height` int(10) unsigned DEFAULT NULL COMMENT 'The height of the image in pixels.',
  PRIMARY KEY (`entity_type`,`entity_id`,`deleted`,`delta`,`language`),
  KEY `entity_type` (`entity_type`),
  KEY `bundle` (`bundle`),
  KEY `deleted` (`deleted`),
  KEY `entity_id` (`entity_id`),
  KEY `revision_id` (`revision_id`),
  KEY `language` (`language`),
  KEY `field_imagen_slideshow_fid` (`field_imagen_slideshow_fid`)
) ENGINE=InnoDB DEFAULT CHARSET=utf8 COMMENT='Data storage for field 5 (field_imagen_slideshow)';
/*!40101 SET character_set_client = @saved_cs_client */;

--
-- Dumping data for table `field_data_field_imagen_slideshow`
--

LOCK TABLES `field_data_field_imagen_slideshow` WRITE;
/*!40000 ALTER TABLE `field_data_field_imagen_slideshow` DISABLE KEYS */;
INSERT INTO `field_data_field_imagen_slideshow` VALUES ('node','slideshow_homepage',0,1,1,'und',0,1,'','',397,365),('node','slideshow_homepage',0,2,2,'und',0,2,'','',397,365);
/*!40000 ALTER TABLE `field_data_field_imagen_slideshow` ENABLE KEYS */;
UNLOCK TABLES;
DROP TABLE IF EXISTS `field_data_field_imagen`;
/*!40101 SET @saved_cs_client     = @@character_set_client */;
/*!40101 SET character_set_client = utf8 */;
CREATE TABLE `field_data_field_imagen` (
  `entity_type` varchar(128) NOT NULL DEFAULT '' COMMENT 'The entity type this data is attached to',
  `bundle` varchar(128) NOT NULL DEFAULT '' COMMENT 'The field instance bundle to which this row belongs, used when deleting a field instance',
  `deleted` tinyint(4) NOT NULL DEFAULT '0' COMMENT 'A boolean indicating whether this data item has been deleted',
  `entity_id` int(10) unsigned NOT NULL COMMENT 'The entity id this data is attached to',
  `revision_id` int(10) unsigned DEFAULT NULL COMMENT 'The entity revision id this data is attached to, or NULL if the entity type is not versioned',
  `language` varchar(32) NOT NULL DEFAULT '' COMMENT 'The language for this data item.',
  `delta` int(10) unsigned NOT NULL COMMENT 'The sequence number for this data item, used for multi-value fields',
  `field_imagen_fid` int(10) unsigned DEFAULT NULL COMMENT 'The file_managed.fid being referenced in this field.',
  `field_imagen_alt` varchar(512) DEFAULT NULL COMMENT 'Alternative image text, for the image’s ’alt’ attribute.',
  `field_imagen_title` varchar(1024) DEFAULT NULL COMMENT 'Image title text, for the image’s ’title’ attribute.',
  `field_imagen_width` int(10) unsigned DEFAULT NULL COMMENT 'The width of the image in pixels.',
  `field_imagen_height` int(10) unsigned DEFAULT NULL COMMENT 'The height of the image in pixels.',
  PRIMARY KEY (`entity_type`,`entity_id`,`deleted`,`delta`,`language`),
  KEY `entity_type` (`entity_type`),
  KEY `bundle` (`bundle`),
  KEY `deleted` (`deleted`),
  KEY `entity_id` (`entity_id`),
  KEY `revision_id` (`revision_id`),
  KEY `language` (`language`),
  KEY `field_imagen_fid` (`field_imagen_fid`)
) ENGINE=InnoDB DEFAULT CHARSET=utf8 COMMENT='Data storage for field 6 (field_imagen)';
/*!40101 SET character_set_client = @saved_cs_client */;

--
-- Dumping data for table `field_data_field_imagen`
--

LOCK TABLES `field_data_field_imagen` WRITE;
/*!40000 ALTER TABLE `field_data_field_imagen` DISABLE KEYS */;
INSERT INTO `field_data_field_imagen` VALUES ('node','blog',0,3,3,'und',0,3,'','',339,218),('node','blog',0,4,4,'und',0,4,'','',339,218),('node','blog',0,5,5,'und',0,5,'','',339,218);
/*!40000 ALTER TABLE `field_data_field_imagen` ENABLE KEYS */;
UNLOCK TABLES;
--
-- Inserting data into table field_data_body
--
INSERT INTO field_data_body(entity_type, entity_id, deleted, delta, language, bundle, revision_id, body_value, body_summary, body_format) VALUES
('node', 1, 0, 0, 'und', 'slideshow_homepage', 1, '<h2>Lorem ipsum dolor<span>amet, consectetur.</span></h2>\r\n<p>Lorem ipsum dolor sit amet, consectetur adipiscing elit. Duis tempus sollicitudin pellentesque. Pellentesque dictum, lacus sit amet faucibus bibendum, nulla quam tempus felis, at bibendum quam mi id lectus. Maecenas risus metus, consequat ac tristique sed, accumsan eu arcu. Aliquam sapien lorem, consequat dapibus tempor et, cursus vitae quam.</p>', '', 'full_html'),
('node', 2, 0, 0, 'und', 'slideshow_homepage', 2, '<h2>Lorem ipsum dolor<span>amet, consectetur.</span></h2>\r\n<p>Lorem ipsum dolor sit amet, consectetur adipiscing elit. Duis tempus sollicitudin pellentesque. Pellentesque dictum, lacus sit amet faucibus bibendum, nulla quam tempus felis, at bibendum quam mi id lectus. Maecenas risus metus, consequat ac tristique sed, accumsan eu arcu. Aliquam sapien lorem, consequat dapibus tempor et, cursus vitae quam. </p>', '', 'full_html'),
('node', 3, 0, 0, 'und', 'blog', 3, '<p>Donec id nunc id velit vehicula vulputate a ac neque. Etiam commodo mattis posuere. Suspendisse accumsan pretium aliquet. Curabitur ac eros turpis. Nam eget dui neque. Donec sit amet nulla vel quam suscipit ultrices tempus eget lectus ac eros turpis.&nbsp;</p>\r\n', '', 'full_html'),
('node', 4, 0, 0, 'und', 'blog', 4, '<p>Donec id nunc id velit vehicula vulputate a ac neque. Etiam commodo mattis posuere. Suspendisse accumsan pretium aliquet. Curabitur ac eros turpis. Nam eget dui neque. Donec sit amet nulla vel quam suscipit ultrices tempus eget lectus. Suspendisse.</p>', '', 'full_html'),
('node', 5, 0, 0, 'und', 'blog', 5, '<p>Donec id nunc id velit vehicula vulputate a ac neque. Etiam commodo mattis posuere. Suspendisse accumsan pretium aliquet.</p>', '', 'full_html'),
('node', 6, 0, 0, 'und', 'page', 6, '<h2>\tTacimates invenire</h2>\r\n<p>Ut vim integre quaerendum conclusionemque, unum percipit abhorreant ad per. Option comprehensam no vis, summo everti fabulas cum ad, mei elit reque eu. Ut eius dicunt adversarium nec, eu mei veri vidit omnis. Porro scribentur qui in, ei nostro percipitur duo. Ius ne cotidieque deterruisset. Accusam perfecto pri id. Ne vide inani has, ea mei tale cibo epicurei. Agam movet zril et vis, omnesque temporibus ei mea. Mel nonumes lucilius perfecto ea, est tale epicuri euripidis et. Quo percipit tacimates invenire cu, et docendi dolores mnesarchum sed. Quem dissentiunt complectitur usu in, stet minim mazim id pro. Eam legere nostro cu. Mei an detracto evertitur persecuti, summo invidunt electram duo no, nam euismod nominavi deseruisse ex. Solbbit his at. percipit abhorreant ad per. Option comprehensam no vis, summo everti fabulas cum ad, mei elit reque eu. Ut eius dicunt adversarium nec, eu mei veri vidit omnis. Porro scribentur qui in, ei nostro percipitur duo. Ius ne cotidieque deterruisset. Accusam perfecto pri id. Ne vide inani has, ea mei tale cibo epicurei. Agam movet zril et vis, omnesque temporibus ei mea. Mel nonumes lucilius perfecto ea, est tale epicuri euripidis et. Quo percipit tacimates invenire cu, et docendi dolores mnesarchum sed. Quem dissentiunt complectitur usu in, stet minim mazim id pro. Eam legere nostro cu. Mei an detracto evertitur persecuti, summo invidunt electram duo no, nam euismod nominavi deseruisse ex. Solbbit his at.</p>\r\n', '', 'full_html');
--
-- Сreating keys for field_data_body
--
ALTER TABLE field_data_body
  ADD INDEX body_format (body_format);

ALTER TABLE field_data_body
  ADD INDEX bundle (bundle);

ALTER TABLE field_data_body
  ADD INDEX deleted (deleted);

ALTER TABLE field_data_body
  ADD INDEX entity_id (entity_id);

ALTER TABLE field_data_body
  ADD INDEX entity_type (entity_type);

ALTER TABLE field_data_body
  ADD INDEX language (language);

ALTER TABLE field_data_body
  ADD INDEX revision_id (revision_id);

--
-- Drop keys of field_revision_body
--
ALTER TABLE field_revision_body
  DROP INDEX body_format,
  DROP INDEX bundle,
  DROP INDEX deleted,
  DROP INDEX entity_id,
  DROP INDEX entity_type,
  DROP INDEX language,
  DROP INDEX revision_id,
  CHANGE COLUMN entity_type entity_type VARCHAR(128) NOT NULL DEFAULT '' COMMENT 'The entity type this data is attached to',
  CHANGE COLUMN deleted deleted TINYINT(4) NOT NULL DEFAULT 0 COMMENT 'A boolean indicating whether this data item has been deleted',
  CHANGE COLUMN entity_id entity_id INT(10) UNSIGNED NOT NULL COMMENT 'The entity id this data is attached to',
  CHANGE COLUMN revision_id revision_id INT(10) UNSIGNED NOT NULL COMMENT 'The entity revision id this data is attached to',
  CHANGE COLUMN language language VARCHAR(32) NOT NULL DEFAULT '' COMMENT 'The language for this data item.',
  CHANGE COLUMN delta delta INT(10) UNSIGNED NOT NULL COMMENT 'The sequence number for this data item, used for multi-value fields';

--
-- Inserting data into table field_revision_body
--
INSERT INTO field_revision_body(entity_type, entity_id, revision_id, deleted, delta, language, bundle, body_value, body_summary, body_format) VALUES
('node', 1, 1, 0, 0, 'und', 'slideshow_homepage', '<h2>Lorem ipsum dolor<span>amet, consectetur.</span></h2>\r\n<p>Lorem ipsum dolor sit amet, consectetur adipiscing elit. Duis tempus sollicitudin pellentesque. Pellentesque dictum, lacus sit amet faucibus bibendum, nulla quam tempus felis, at bibendum quam mi id lectus. Maecenas risus metus, consequat ac tristique sed, accumsan eu arcu. Aliquam sapien lorem, consequat dapibus tempor et, cursus vitae quam.</p>', '', 'full_html'),
('node', 2, 2, 0, 0, 'und', 'slideshow_homepage', '<h2>Lorem ipsum dolor<span>amet, consectetur.</span></h2>\r\n<p>Lorem ipsum dolor sit amet, consectetur adipiscing elit. Duis tempus sollicitudin pellentesque. Pellentesque dictum, lacus sit amet faucibus bibendum, nulla quam tempus felis, at bibendum quam mi id lectus. Maecenas risus metus, consequat ac tristique sed, accumsan eu arcu. Aliquam sapien lorem, consequat dapibus tempor et, cursus vitae quam. </p>', '', 'full_html'),
('node', 3, 3, 0, 0, 'und', 'blog', '<p>Donec id nunc id velit vehicula vulputate a ac neque. Etiam commodo mattis posuere. Suspendisse accumsan pretium aliquet. Curabitur ac eros turpis. Nam eget dui neque. Donec sit amet nulla vel quam suscipit ultrices tempus eget lectus ac eros turpis.&nbsp;</p>\r\n', '', 'full_html'),
('node', 4, 4, 0, 0, 'und', 'blog', '<p>Donec id nunc id velit vehicula vulputate a ac neque. Etiam commodo mattis posuere. Suspendisse accumsan pretium aliquet. Curabitur ac eros turpis. Nam eget dui neque. Donec sit amet nulla vel quam suscipit ultrices tempus eget lectus. Suspendisse.</p>', '', 'full_html'),
('node', 5, 5, 0, 0, 'und', 'blog', '<p>Donec id nunc id velit vehicula vulputate a ac neque. Etiam commodo mattis posuere. Suspendisse accumsan pretium aliquet.</p>', '', 'full_html'),
('node', 6, 6, 0, 0, 'und', 'page', '<h2>\tTacimates invenire</h2>\r\n<p>Ut vim integre quaerendum conclusionemque, unum percipit abhorreant ad per. Option comprehensam no vis, summo everti fabulas cum ad, mei elit reque eu. Ut eius dicunt adversarium nec, eu mei veri vidit omnis. Porro scribentur qui in, ei nostro percipitur duo. Ius ne cotidieque deterruisset. Accusam perfecto pri id. Ne vide inani has, ea mei tale cibo epicurei. Agam movet zril et vis, omnesque temporibus ei mea. Mel nonumes lucilius perfecto ea, est tale epicuri euripidis et. Quo percipit tacimates invenire cu, et docendi dolores mnesarchum sed. Quem dissentiunt complectitur usu in, stet minim mazim id pro. Eam legere nostro cu. Mei an detracto evertitur persecuti, summo invidunt electram duo no, nam euismod nominavi deseruisse ex. Solbbit his at. percipit abhorreant ad per. Option comprehensam no vis, summo everti fabulas cum ad, mei elit reque eu. Ut eius dicunt adversarium nec, eu mei veri vidit omnis. Porro scribentur qui in, ei nostro percipitur duo. Ius ne cotidieque deterruisset. Accusam perfecto pri id. Ne vide inani has, ea mei tale cibo epicurei. Agam movet zril et vis, omnesque temporibus ei mea. Mel nonumes lucilius perfecto ea, est tale epicuri euripidis et. Quo percipit tacimates invenire cu, et docendi dolores mnesarchum sed. Quem dissentiunt complectitur usu in, stet minim mazim id pro. Eam legere nostro cu. Mei an detracto evertitur persecuti, summo invidunt electram duo no, nam euismod nominavi deseruisse ex. Solbbit his at.</p>\r\n', '', 'full_html');
--
-- Сreating keys for field_revision_body
--
ALTER TABLE field_revision_body
  ADD INDEX body_format (body_format);

ALTER TABLE field_revision_body
  ADD INDEX bundle (bundle);

ALTER TABLE field_revision_body
  ADD INDEX deleted (deleted);

ALTER TABLE field_revision_body
  ADD INDEX entity_id (entity_id);

ALTER TABLE field_revision_body
  ADD INDEX entity_type (entity_type);

ALTER TABLE field_revision_body
  ADD INDEX language (language);

ALTER TABLE field_revision_body
  ADD INDEX revision_id (revision_id);

--
-- Drop keys of file_managed
--
ALTER TABLE file_managed
  DROP INDEX status,
  DROP INDEX timestamp,
  DROP INDEX uid,
  DROP INDEX uri,
  CHANGE COLUMN fid fid INT(10) UNSIGNED NOT NULL AUTO_INCREMENT COMMENT 'File ID.',
  CHANGE COLUMN uri uri VARCHAR(255) BINARY CHARACTER SET utf8 COLLATE utf8_bin NOT NULL DEFAULT '' COMMENT 'The URI to access the file (either local or remote).';

--
-- Inserting data into table file_managed
--
INSERT INTO file_managed(fid, uid, filename, uri, filemime, filesize, status, timestamp) VALUES
(1, 1, 'slide-2.jpg', 'public://slide-2.jpg', 'image/jpeg', 82540, 1, 1368623983),
(2, 1, 'slide-1.jpg', 'public://slide-1.jpg', 'image/jpeg', 85076, 1, 1368624017),
(3, 1, 'noticia-2.jpg', 'public://noticia-2.jpg', 'image/jpeg', 28791, 1, 1368624058),
(4, 1, 'noticia-1.jpg', 'public://noticia-1.jpg', 'image/jpeg', 26476, 1, 1368624084),
(5, 1, 'noticias-3.png', 'public://noticias-3.png', 'image/png', 532629, 1, 1368624122);
--
-- Сreating keys for file_managed
--
ALTER TABLE file_managed
  CHANGE COLUMN uri uri VARCHAR(255) BINARY CHARACTER SET utf8 COLLATE utf8_bin NOT NULL DEFAULT '' COMMENT 'The URI to access the file (either local or remote).';

ALTER TABLE file_managed
  ADD INDEX status (status);

ALTER TABLE file_managed
  ADD INDEX timestamp (timestamp);

ALTER TABLE file_managed
  ADD INDEX uid (uid);

ALTER TABLE file_managed
  ADD UNIQUE INDEX uri (uri);

--
-- Drop keys of file_usage
--
ALTER TABLE file_usage
  DROP INDEX fid_count,
  DROP INDEX fid_module,
  DROP INDEX type_id,
  CHANGE COLUMN fid fid INT(10) UNSIGNED NOT NULL COMMENT 'File ID.',
  CHANGE COLUMN module module VARCHAR(255) NOT NULL DEFAULT '' COMMENT 'The name of the module that is using the file.',
  CHANGE COLUMN type type VARCHAR(64) NOT NULL DEFAULT '' COMMENT 'The name of the object type in which the file is used.',
  CHANGE COLUMN id id INT(10) UNSIGNED NOT NULL DEFAULT 0 COMMENT 'The primary key of the object using the file.';

--
-- Inserting data into table file_usage
--
INSERT INTO file_usage(fid, type, id, module, count) VALUES
(1, 'node', 1, 'file', 1),
(2, 'node', 2, 'file', 1),
(3, 'node', 3, 'file', 1),
(4, 'node', 4, 'file', 1),
(5, 'node', 5, 'file', 1);
--
-- Сreating keys for file_usage
--
ALTER TABLE file_usage
  ADD INDEX fid_count (fid, count);

ALTER TABLE file_usage
  ADD INDEX fid_module (fid, module);

ALTER TABLE file_usage
  ADD INDEX type_id (type, id);

--
-- Drop keys of history
--
ALTER TABLE history
  DROP INDEX nid,
  CHANGE COLUMN uid uid INT(11) NOT NULL DEFAULT 0 COMMENT 'The users.uid that read the node nid.',
  CHANGE COLUMN nid nid INT(11) NOT NULL DEFAULT 0 COMMENT 'The node.nid that was read.';

--
-- Inserting data into table history
--
INSERT INTO history(uid, nid, timestamp) VALUES
(1, 1, 1368623986),
(1, 2, 1368624019),
(1, 3, 1369067828),
(1, 4, 1368624086),
(1, 5, 1368624124),
(1, 6, 1369150364);
--
-- Сreating keys for history
--
ALTER TABLE history
  ADD INDEX nid (nid);

--
-- Drop keys of image_effects
--
ALTER TABLE image_effects
  DROP INDEX isid,
  DROP INDEX weight,
  CHANGE COLUMN ieid ieid INT(10) UNSIGNED NOT NULL AUTO_INCREMENT COMMENT 'The primary identifier for an image effect.';

--
-- Inserting data into table image_effects
--
INSERT INTO image_effects(ieid, isid, weight, name, data) VALUES
(1, 1, 1, 'image_resize', x'613A323A7B733A353A227769647468223B733A333A22333339223B733A363A22686569676874223B733A333A22323138223B7D');
--
-- Сreating keys for image_effects
--
ALTER TABLE image_effects
  ADD INDEX isid (isid);

ALTER TABLE image_effects
  ADD INDEX weight (weight);

--
-- Drop keys of image_styles
--
ALTER TABLE image_styles
  DROP INDEX name,
  CHANGE COLUMN isid isid INT(10) UNSIGNED NOT NULL AUTO_INCREMENT COMMENT 'The primary identifier for an image style.',
  CHANGE COLUMN name name VARCHAR(255) NOT NULL COMMENT 'The style name.';

--
-- Inserting data into table image_styles
--
INSERT INTO image_styles(isid, name) VALUES
(1, 'image-blog');
--
-- Сreating keys for image_styles
--
ALTER TABLE image_styles
  CHANGE COLUMN name name VARCHAR(255) NOT NULL COMMENT 'The style name.';

ALTER TABLE image_styles
  ADD UNIQUE INDEX name (name);

--
-- Deleting data from table menu_links
--
DELETE FROM menu_links WHERE mlid IN(222, 223, 224, 225, 226, 
227, 228, 229, 230, 231, 
232, 233, 234, 235, 236, 
237, 238, 239, 311);
--
-- Updating data of table menu_links
--
UPDATE menu_links SET plid = 7, link_path = 'admin/appearance/list', router_path = 'admin/appearance/list', options = x'613A313A7B733A31303A2261747472696275746573223B613A313A7B733A353A227469746C65223B733A33313A2253656C65637420616E6420636F6E66696775726520796F7572207468656D65223B7D7D', weight = -1, p2 = 7 WHERE mlid = 43;
UPDATE menu_links SET plid = 16, link_path = 'admin/modules/list', router_path = 'admin/modules/list', options = x'613A303A7B7D', weight = 0, p2 = 16 WHERE mlid = 44;
UPDATE menu_links SET plid = 18, link_path = 'admin/people/people', router_path = 'admin/people/people', options = x'613A313A7B733A31303A2261747472696275746573223B613A313A7B733A353A227469746C65223B733A35303A2246696E6420616E64206D616E6167652070656F706C6520696E746572616374696E67207769746820796F757220736974652E223B7D7D', weight = -10, p2 = 18 WHERE mlid = 45;
UPDATE menu_links SET link_path = 'admin/appearance/settings/bartik', router_path = 'admin/appearance/settings/bartik', link_title = 'Bartik' WHERE mlid = 96;
UPDATE menu_links SET plid = 53, link_path = 'admin/config/search/clean-urls', router_path = 'admin/config/search/clean-urls', link_title = 'Clean URLs', options = x'613A313A7B733A31303A2261747472696275746573223B613A313A7B733A353A227469746C65223B733A34333A22456E61626C65206F722064697361626C6520636C65616E2055524C7320666F7220796F757220736974652E223B7D7D', hidden = 0, weight = 5, p2 = 8, p3 = 53 WHERE mlid = 97;
UPDATE menu_links SET plid = 56, link_path = 'admin/config/system/cron', router_path = 'admin/config/system/cron', link_title = 'Cron', options = x'613A313A7B733A31303A2261747472696275746573223B613A313A7B733A353A227469746C65223B733A34303A224D616E616765206175746F6D617469632073697465206D61696E74656E616E6365207461736B732E223B7D7D', hidden = 0, weight = 20, p2 = 8, p3 = 56 WHERE mlid = 98;
UPDATE menu_links SET plid = 51, link_path = 'admin/config/regional/date-time', router_path = 'admin/config/regional/date-time', link_title = 'Date and time', options = x'613A313A7B733A31303A2261747472696275746573223B613A313A7B733A353A227469746C65223B733A34343A22436F6E66696775726520646973706C617920666F726D61747320666F72206461746520616E642074696D652E223B7D7D', weight = -15, p3 = 51 WHERE mlid = 99;
UPDATE menu_links SET plid = 19, link_path = 'admin/reports/event/%', router_path = 'admin/reports/event/%', link_title = 'Details', options = x'613A303A7B7D', weight = 0, depth = 3, p2 = 19, p3 = 100, p4 = 0 WHERE mlid = 100;
UPDATE menu_links SET plid = 46, link_path = 'admin/config/media/file-system', router_path = 'admin/config/media/file-system', link_title = 'File system', options = x'613A313A7B733A31303A2261747472696275746573223B613A313A7B733A353A227469746C65223B733A36383A2254656C6C2044727570616C20776865726520746F2073746F72652075706C6F616465642066696C657320616E6420686F772074686579206172652061636365737365642E223B7D7D', weight = -10, p3 = 46 WHERE mlid = 101;
UPDATE menu_links SET plid = 54, link_path = 'admin/appearance/settings/garland', router_path = 'admin/appearance/settings/garland', link_title = 'Garland', hidden = -1, depth = 4, p2 = 7, p3 = 54, p4 = 102 WHERE mlid = 102;
UPDATE menu_links SET plid = 54, link_path = 'admin/appearance/settings/global', router_path = 'admin/appearance/settings/global', link_title = 'Global settings', options = x'613A303A7B7D', hidden = -1, weight = -1, p2 = 7, p3 = 54 WHERE mlid = 103;
UPDATE menu_links SET plid = 48, link_path = 'admin/config/people/ip-blocking', router_path = 'admin/config/people/ip-blocking', link_title = 'IP address blocking', options = x'613A313A7B733A31303A2261747472696275746573223B613A313A7B733A353A227469746C65223B733A32383A224D616E61676520626C6F636B6564204950206164647265737365732E223B7D7D', hidden = 0, has_children = 1, weight = 10, p2 = 8, p3 = 48 WHERE mlid = 104;
UPDATE menu_links SET plid = 46, link_path = 'admin/config/media/image-styles', router_path = 'admin/config/media/image-styles', link_title = 'Image styles', options = x'613A313A7B733A31303A2261747472696275746573223B613A313A7B733A353A227469746C65223B733A37383A22436F6E666967757265207374796C657320746861742063616E206265207573656420666F7220726573697A696E67206F722061646A757374696E6720696D61676573206F6E20646973706C61792E223B7D7D', hidden = 0, has_children = 1, weight = 0, p2 = 8, p3 = 46 WHERE mlid = 105;
UPDATE menu_links SET plid = 46, link_path = 'admin/config/media/image-toolkit', router_path = 'admin/config/media/image-toolkit', link_title = 'Image toolkit', options = x'613A313A7B733A31303A2261747472696275746573223B613A313A7B733A353A227469746C65223B733A37343A2243686F6F736520776869636820696D61676520746F6F6C6B697420746F2075736520696620796F75206861766520696E7374616C6C6564206F7074696F6E616C20746F6F6C6B6974732E223B7D7D', has_children = 0, weight = 20, p3 = 46 WHERE mlid = 106;
UPDATE menu_links SET plid = 44, link_path = 'admin/modules/list/confirm', router_path = 'admin/modules/list/confirm', link_title = 'List', options = x'613A303A7B7D', hidden = -1, has_children = 0, p2 = 16, p3 = 44 WHERE mlid = 107;
UPDATE menu_links SET plid = 36, link_path = 'admin/structure/types/list', router_path = 'admin/structure/types/list', link_title = 'List', options = x'613A303A7B7D', hidden = -1, weight = -10, p2 = 21, p3 = 36 WHERE mlid = 108;
UPDATE menu_links SET plid = 57, link_path = 'admin/structure/taxonomy/list', router_path = 'admin/structure/taxonomy/list', p3 = 57 WHERE mlid = 109;
UPDATE menu_links SET plid = 47, link_path = 'admin/structure/menu/list', router_path = 'admin/structure/menu/list', link_title = 'List menus', weight = -10, p2 = 21, p3 = 47 WHERE mlid = 110;
UPDATE menu_links SET plid = 39, link_path = 'admin/config/development/logging', router_path = 'admin/config/development/logging', link_title = 'Logging and errors', options = x'613A313A7B733A31303A2261747472696275746573223B613A313A7B733A353A227469746C65223B733A3135343A2253657474696E677320666F72206C6F6767696E6720616E6420616C65727473206D6F64756C65732E20566172696F7573206D6F64756C65732063616E20726F7574652044727570616C27732073797374656D206576656E747320746F20646966666572656E742064657374696E6174696F6E732C2073756368206173207379736C6F672C2064617461626173652C20656D61696C2C206574632E223B7D7D', hidden = 0, weight = -15, p2 = 8, p3 = 39 WHERE mlid = 111;
UPDATE menu_links SET plid = 39, link_path = 'admin/config/development/maintenance', router_path = 'admin/config/development/maintenance', link_title = 'Maintenance mode', options = x'613A313A7B733A31303A2261747472696275746573223B613A313A7B733A353A227469746C65223B733A36323A2254616B65207468652073697465206F66666C696E6520666F72206D61696E74656E616E6365206F72206272696E67206974206261636B206F6E6C696E652E223B7D7D', hidden = 0, p2 = 8, p3 = 39 WHERE mlid = 112;
UPDATE menu_links SET link_path = 'admin/config/development/performance', router_path = 'admin/config/development/performance', link_title = 'Performance', options = x'613A313A7B733A31303A2261747472696275746573223B613A313A7B733A353A227469746C65223B733A3130313A22456E61626C65206F722064697361626C6520706167652063616368696E6720666F7220616E6F6E796D6F757320757365727320616E64207365742043535320616E64204A532062616E647769647468206F7074696D697A6174696F6E206F7074696F6E732E223B7D7D', weight = -20 WHERE mlid = 113;
UPDATE menu_links SET plid = 49, link_path = 'admin/people/permissions/list', router_path = 'admin/people/permissions/list', link_title = 'Permissions', options = x'613A313A7B733A31303A2261747472696275746573223B613A313A7B733A353A227469746C65223B733A36343A2244657465726D696E652061636365737320746F2066656174757265732062792073656C656374696E67207065726D697373696F6E7320666F7220726F6C65732E223B7D7D', hidden = -1, weight = -8, p2 = 18, p3 = 49 WHERE mlid = 114;
UPDATE menu_links SET plid = 32, link_path = 'admin/content/comment/new', router_path = 'admin/content/comment/new', link_title = 'Published comments', weight = -10, p2 = 9, p3 = 32 WHERE mlid = 115;
UPDATE menu_links SET plid = 64, link_path = 'admin/config/services/rss-publishing', router_path = 'admin/config/services/rss-publishing', link_title = 'RSS publishing', options = x'613A313A7B733A31303A2261747472696275746573223B613A313A7B733A353A227469746C65223B733A3131343A22436F6E666967757265207468652073697465206465736372697074696F6E2C20746865206E756D626572206F66206974656D7320706572206665656420616E6420776865746865722066656564732073686F756C64206265207469746C65732F746561736572732F66756C6C2D746578742E223B7D7D', hidden = 0, p2 = 8, p3 = 64 WHERE mlid = 116;
UPDATE menu_links SET plid = 51, link_path = 'admin/config/regional/settings', router_path = 'admin/config/regional/settings', link_title = 'Regional settings', options = x'613A313A7B733A31303A2261747472696275746573223B613A313A7B733A353A227469746C65223B733A35343A2253657474696E677320666F7220746865207369746527732064656661756C742074696D65207A6F6E6520616E6420636F756E7472792E223B7D7D', hidden = 0, weight = -20, p2 = 8, p3 = 51 WHERE mlid = 117;
UPDATE menu_links SET plid = 49, link_path = 'admin/people/permissions/roles', router_path = 'admin/people/permissions/roles', link_title = 'Roles', options = x'613A313A7B733A31303A2261747472696275746573223B613A313A7B733A353A227469746C65223B733A33303A224C6973742C20656469742C206F7220616464207573657220726F6C65732E223B7D7D', hidden = -1, has_children = 1, weight = -5, p2 = 18, p3 = 49 WHERE mlid = 118;
UPDATE menu_links SET plid = 47, link_path = 'admin/structure/menu/settings', router_path = 'admin/structure/menu/settings', link_title = 'Settings', options = x'613A303A7B7D', weight = 5, p2 = 21, p3 = 47 WHERE mlid = 119;
UPDATE menu_links SET plid = 54, link_path = 'admin/appearance/settings/seven', router_path = 'admin/appearance/settings/seven', link_title = 'Seven', weight = 0, p2 = 7, p3 = 54 WHERE mlid = 120;
UPDATE menu_links SET plid = 56, link_path = 'admin/config/system/site-information', router_path = 'admin/config/system/site-information', link_title = 'Site information', options = x'613A313A7B733A31303A2261747472696275746573223B613A313A7B733A353A227469746C65223B733A3130343A224368616E67652073697465206E616D652C20652D6D61696C20616464726573732C20736C6F67616E2C2064656661756C742066726F6E7420706167652C20616E64206E756D626572206F6620706F7374732070657220706167652C206572726F722070616765732E223B7D7D', weight = -20, p3 = 56 WHERE mlid = 121;
UPDATE menu_links SET plid = 54, link_path = 'admin/appearance/settings/stark', router_path = 'admin/appearance/settings/stark', link_title = 'Stark', options = x'613A303A7B7D', hidden = -1, weight = 0, p2 = 7, p3 = 54 WHERE mlid = 122;
UPDATE menu_links SET plid = 35, link_path = 'admin/config/content/formats', router_path = 'admin/config/content/formats', link_title = 'Text formats', options = x'613A313A7B733A31303A2261747472696275746573223B613A313A7B733A353A227469746C65223B733A3132373A22436F6E66696775726520686F7720636F6E74656E7420696E7075742062792075736572732069732066696C74657265642C20696E636C7564696E6720616C6C6F7765642048544D4C20746167732E20416C736F20616C6C6F777320656E61626C696E67206F66206D6F64756C652D70726F76696465642066696C746572732E223B7D7D', hidden = 0, weight = 0, p2 = 8, p3 = 35 WHERE mlid = 123;
UPDATE menu_links SET plid = 32, link_path = 'admin/content/comment/approval', router_path = 'admin/content/comment/approval', link_title = 'Unapproved comments', weight = 0, p2 = 9, p3 = 32 WHERE mlid = 124;
UPDATE menu_links SET plid = 60, link_path = 'admin/modules/uninstall/confirm', router_path = 'admin/modules/uninstall/confirm', link_title = 'Uninstall', p2 = 16, p3 = 60 WHERE mlid = 125;
UPDATE menu_links SET menu_name = 'navigation', plid = 40, link_path = 'user/%/edit/account', router_path = 'user/%/edit/account', link_title = 'Account', options = x'613A303A7B7D', hidden = -1, weight = 0, depth = 3, p1 = 17, p2 = 40, p3 = 126, p4 = 0 WHERE mlid = 126;
UPDATE menu_links SET plid = 123, link_path = 'admin/config/content/formats/%', router_path = 'admin/config/content/formats/%', link_title = '', hidden = 0, has_children = 1, depth = 5, p2 = 8, p3 = 35, p4 = 123, p5 = 127 WHERE mlid = 127;
UPDATE menu_links SET plid = 105, link_path = 'admin/config/media/image-styles/add', router_path = 'admin/config/media/image-styles/add', link_title = 'Add style', options = x'613A313A7B733A31303A2261747472696275746573223B613A313A7B733A353A227469746C65223B733A32323A224164642061206E657720696D616765207374796C652E223B7D7D', hidden = -1, has_children = 0, weight = 2, depth = 5, p3 = 46, p4 = 105, p5 = 128 WHERE mlid = 128;
UPDATE menu_links SET plid = 89, link_path = 'admin/structure/taxonomy/%/add', router_path = 'admin/structure/taxonomy/%/add', link_title = 'Add term', depth = 5, p2 = 21, p3 = 57, p4 = 89, p5 = 129 WHERE mlid = 129;
UPDATE menu_links SET plid = 123, link_path = 'admin/config/content/formats/add', router_path = 'admin/config/content/formats/add', link_title = 'Add text format', weight = 1, depth = 5, p2 = 8, p3 = 35, p4 = 123, p5 = 130 WHERE mlid = 130;
UPDATE menu_links SET plid = 30, link_path = 'admin/structure/block/list/bartik', router_path = 'admin/structure/block/list/bartik', link_title = 'Bartik', p2 = 21, p3 = 30 WHERE mlid = 131;
UPDATE menu_links SET menu_name = 'management', plid = 91, link_path = 'admin/config/system/actions/configure', router_path = 'admin/config/system/actions/configure', link_title = 'Configure an advanced action', depth = 5, p1 = 1, p2 = 8, p3 = 56, p4 = 91, p5 = 132 WHERE mlid = 132;
UPDATE menu_links SET plid = 47, link_path = 'admin/structure/menu/manage/%', router_path = 'admin/structure/menu/manage/%', link_title = 'Customize menu', depth = 4, p2 = 21, p3 = 47, p4 = 133, p5 = 0 WHERE mlid = 133;
UPDATE menu_links SET plid = 89, link_path = 'admin/structure/taxonomy/%/edit', router_path = 'admin/structure/taxonomy/%/edit', link_title = 'Edit', options = x'613A303A7B7D', weight = -10, p2 = 21, p3 = 57, p4 = 89 WHERE mlid = 134;
UPDATE menu_links SET plid = 36, link_path = 'admin/structure/types/manage/%', router_path = 'admin/structure/types/manage/%', link_title = 'Edit content type', hidden = 0, has_children = 1, depth = 4, p3 = 36, p4 = 135, p5 = 0 WHERE mlid = 135;
UPDATE menu_links SET plid = 99, link_path = 'admin/config/regional/date-time/formats', router_path = 'admin/config/regional/date-time/formats', link_title = 'Formats', options = x'613A313A7B733A31303A2261747472696275746573223B613A313A7B733A353A227469746C65223B733A35313A22436F6E66696775726520646973706C617920666F726D617420737472696E677320666F72206461746520616E642074696D652E223B7D7D', has_children = 1, weight = -9, p3 = 51, p4 = 99 WHERE mlid = 136;
UPDATE menu_links SET link_path = 'admin/structure/block/list/garland', router_path = 'admin/structure/block/list/garland', link_title = 'Garland' WHERE mlid = 137;
UPDATE menu_links SET plid = 123, link_path = 'admin/config/content/formats/list', router_path = 'admin/config/content/formats/list', link_title = 'List', depth = 5, p2 = 8, p3 = 35, p4 = 123, p5 = 138 WHERE mlid = 138;
UPDATE menu_links SET plid = 89, link_path = 'admin/structure/taxonomy/%/list', router_path = 'admin/structure/taxonomy/%/list', link_title = 'List', weight = -20, depth = 5, p3 = 57, p4 = 89, p5 = 139 WHERE mlid = 139;
UPDATE menu_links SET plid = 105, link_path = 'admin/config/media/image-styles/list', router_path = 'admin/config/media/image-styles/list', link_title = 'List', options = x'613A313A7B733A31303A2261747472696275746573223B613A313A7B733A353A227469746C65223B733A34323A224C697374207468652063757272656E7420696D616765207374796C6573206F6E2074686520736974652E223B7D7D', weight = 1, p3 = 46, p4 = 105 WHERE mlid = 140;
UPDATE menu_links SET plid = 91, link_path = 'admin/config/system/actions/manage', router_path = 'admin/config/system/actions/manage', link_title = 'Manage actions', options = x'613A313A7B733A31303A2261747472696275746573223B613A313A7B733A353A227469746C65223B733A34313A224D616E6167652074686520616374696F6E7320646566696E656420666F7220796F757220736974652E223B7D7D', hidden = -1, has_children = 0, weight = -2, depth = 5, p2 = 8, p3 = 56, p4 = 91, p5 = 141 WHERE mlid = 141;
UPDATE menu_links SET plid = 90, link_path = 'admin/config/people/accounts/settings', router_path = 'admin/config/people/accounts/settings', link_title = 'Settings', p2 = 8, p3 = 48, p4 = 90 WHERE mlid = 142;
UPDATE menu_links SET plid = 30, link_path = 'admin/structure/block/list/seven', router_path = 'admin/structure/block/list/seven', link_title = 'Seven', hidden = -1, has_children = 0, p3 = 30 WHERE mlid = 143;
UPDATE menu_links SET plid = 30, link_path = 'admin/structure/block/list/stark', router_path = 'admin/structure/block/list/stark', link_title = 'Stark', options = x'613A303A7B7D', has_children = 0, weight = 0, depth = 4, p2 = 21, p3 = 30, p4 = 144, p5 = 0 WHERE mlid = 144;
UPDATE menu_links SET plid = 99, link_path = 'admin/config/regional/date-time/types', router_path = 'admin/config/regional/date-time/types', link_title = 'Types', options = x'613A313A7B733A31303A2261747472696275746573223B613A313A7B733A353A227469746C65223B733A34343A22436F6E66696775726520646973706C617920666F726D61747320666F72206461746520616E642074696D652E223B7D7D', has_children = 1, weight = -10, depth = 5, p2 = 8, p3 = 51, p4 = 99, p5 = 145 WHERE mlid = 145;
UPDATE menu_links SET menu_name = 'navigation', plid = 52, link_path = 'node/%/revisions/%/delete', router_path = 'node/%/revisions/%/delete', link_title = 'Delete earlier revision', hidden = 0, weight = 0, depth = 3, p1 = 5, p2 = 52, p3 = 146, p4 = 0, p5 = 0 WHERE mlid = 146;
UPDATE menu_links SET menu_name = 'navigation', plid = 52, link_path = 'node/%/revisions/%/revert', router_path = 'node/%/revisions/%/revert', link_title = 'Revert to earlier revision', hidden = 0, depth = 3, p1 = 5, p2 = 52, p3 = 147, p4 = 0, p5 = 0 WHERE mlid = 147;
UPDATE menu_links SET menu_name = 'navigation', plid = 52, link_path = 'node/%/revisions/%/view', router_path = 'node/%/revisions/%/view', link_title = 'Revisions', options = x'613A303A7B7D', hidden = 0, weight = 0, depth = 3, p1 = 5, p2 = 52, p3 = 148, p4 = 0, p5 = 0 WHERE mlid = 148;
UPDATE menu_links SET plid = 137, link_path = 'admin/structure/block/list/garland/add', router_path = 'admin/structure/block/list/garland/add', link_title = 'Add block', options = x'613A303A7B7D', weight = 0, p2 = 21, p3 = 30, p4 = 137 WHERE mlid = 149;
UPDATE menu_links SET plid = 143, link_path = 'admin/structure/block/list/seven/add', router_path = 'admin/structure/block/list/seven/add', link_title = 'Add block', depth = 5, p4 = 143, p5 = 150 WHERE mlid = 150;
UPDATE menu_links SET plid = 144, link_path = 'admin/structure/block/list/stark/add', router_path = 'admin/structure/block/list/stark/add', link_title = 'Add block', depth = 5, p4 = 144, p5 = 151 WHERE mlid = 151;
UPDATE menu_links SET plid = 145, link_path = 'admin/config/regional/date-time/types/add', router_path = 'admin/config/regional/date-time/types/add', link_title = 'Add date type', options = x'613A313A7B733A31303A2261747472696275746573223B613A313A7B733A353A227469746C65223B733A31383A22416464206E6577206461746520747970652E223B7D7D', weight = -10, depth = 6, p2 = 8, p3 = 51, p4 = 99, p5 = 145, p6 = 152 WHERE mlid = 152;
UPDATE menu_links SET plid = 136, link_path = 'admin/config/regional/date-time/formats/add', router_path = 'admin/config/regional/date-time/formats/add', link_title = 'Add format', options = x'613A313A7B733A31303A2261747472696275746573223B613A313A7B733A353A227469746C65223B733A34333A22416C6C6F7720757365727320746F20616464206164646974696F6E616C206461746520666F726D6174732E223B7D7D', depth = 6, p3 = 51, p4 = 99, p5 = 136, p6 = 153 WHERE mlid = 153;
UPDATE menu_links SET plid = 133, link_path = 'admin/structure/menu/manage/%/add', router_path = 'admin/structure/menu/manage/%/add', link_title = 'Add link', depth = 5, p3 = 47, p4 = 133, p5 = 154 WHERE mlid = 154;
UPDATE menu_links SET link_path = 'admin/structure/block/manage/%/%', router_path = 'admin/structure/block/manage/%/%', link_title = 'Configure block', hidden = 0 WHERE mlid = 155;
UPDATE menu_links SET menu_name = 'navigation', plid = 31, link_path = 'user/%/cancel/confirm/%/%', router_path = 'user/%/cancel/confirm/%/%', link_title = 'Confirm account cancellation', options = x'613A303A7B7D', hidden = 0, has_children = 0, weight = 0, depth = 3, p1 = 17, p2 = 31, p3 = 156, p4 = 0, p5 = 0 WHERE mlid = 156;
UPDATE menu_links SET plid = 135, link_path = 'admin/structure/types/manage/%/delete', router_path = 'admin/structure/types/manage/%/delete', link_title = 'Delete', hidden = 0, depth = 5, p3 = 36, p4 = 135, p5 = 157 WHERE mlid = 157;
UPDATE menu_links SET menu_name = 'management', plid = 104, link_path = 'admin/config/people/ip-blocking/delete/%', router_path = 'admin/config/people/ip-blocking/delete/%', link_title = 'Delete IP address', depth = 5, p1 = 1, p2 = 8, p3 = 48, p4 = 104, p5 = 158 WHERE mlid = 158;
UPDATE menu_links SET menu_name = 'management', plid = 91, link_path = 'admin/config/system/actions/delete/%', router_path = 'admin/config/system/actions/delete/%', link_title = 'Delete action', options = x'613A313A7B733A31303A2261747472696275746573223B613A313A7B733A353A227469746C65223B733A31373A2244656C65746520616E20616374696F6E2E223B7D7D', depth = 5, p1 = 1, p2 = 8, p3 = 56, p4 = 91, p5 = 159 WHERE mlid = 159;
UPDATE menu_links SET menu_name = 'management', plid = 133, link_path = 'admin/structure/menu/manage/%/delete', router_path = 'admin/structure/menu/manage/%/delete', link_title = 'Delete menu', depth = 5, p1 = 1, p2 = 21, p3 = 47, p4 = 133, p5 = 160 WHERE mlid = 160;
UPDATE menu_links SET plid = 47, link_path = 'admin/structure/menu/item/%/delete', router_path = 'admin/structure/menu/item/%/delete', link_title = 'Delete menu link', hidden = 0, depth = 4, p3 = 47, p4 = 161, p5 = 0 WHERE mlid = 161;
UPDATE menu_links SET plid = 118, link_path = 'admin/people/permissions/roles/delete/%', router_path = 'admin/people/permissions/roles/delete/%', link_title = 'Delete role', hidden = 0, p2 = 18, p3 = 49, p4 = 118 WHERE mlid = 162;
UPDATE menu_links SET plid = 127, link_path = 'admin/config/content/formats/%/disable', router_path = 'admin/config/content/formats/%/disable', link_title = 'Disable text format', hidden = 0, depth = 6, p2 = 8, p3 = 35, p4 = 123, p5 = 127, p6 = 163 WHERE mlid = 163;
UPDATE menu_links SET plid = 135, link_path = 'admin/structure/types/manage/%/edit', router_path = 'admin/structure/types/manage/%/edit', link_title = 'Edit', p3 = 36, p4 = 135 WHERE mlid = 164;
UPDATE menu_links SET plid = 133, link_path = 'admin/structure/menu/manage/%/edit', router_path = 'admin/structure/menu/manage/%/edit', link_title = 'Edit menu', p3 = 47, p4 = 133 WHERE mlid = 165;
UPDATE menu_links SET plid = 47, link_path = 'admin/structure/menu/item/%/edit', router_path = 'admin/structure/menu/item/%/edit', link_title = 'Edit menu link', hidden = 0, depth = 4, p3 = 47, p4 = 166, p5 = 0 WHERE mlid = 166;
UPDATE menu_links SET plid = 118, link_path = 'admin/people/permissions/roles/edit/%', router_path = 'admin/people/permissions/roles/edit/%', link_title = 'Edit role', hidden = 0, p2 = 18, p3 = 49, p4 = 118 WHERE mlid = 167;
UPDATE menu_links SET plid = 105, link_path = 'admin/config/media/image-styles/edit/%', router_path = 'admin/config/media/image-styles/edit/%', link_title = 'Edit style', options = x'613A313A7B733A31303A2261747472696275746573223B613A313A7B733A353A227469746C65223B733A32353A22436F6E66696775726520616E20696D616765207374796C652E223B7D7D', hidden = 0, has_children = 1, p2 = 8, p3 = 46, p4 = 105 WHERE mlid = 168;
UPDATE menu_links SET plid = 133, link_path = 'admin/structure/menu/manage/%/list', router_path = 'admin/structure/menu/manage/%/list', link_title = 'List links', weight = -10, p3 = 47, p4 = 133 WHERE mlid = 169;
UPDATE menu_links SET plid = 47, link_path = 'admin/structure/menu/item/%/reset', router_path = 'admin/structure/menu/item/%/reset', link_title = 'Reset menu link', options = x'613A303A7B7D', hidden = 0, weight = 0, depth = 4, p2 = 21, p3 = 47, p4 = 170, p5 = 0, p6 = 0 WHERE mlid = 170;
UPDATE menu_links SET plid = 105, link_path = 'admin/config/media/image-styles/delete/%', router_path = 'admin/config/media/image-styles/delete/%', link_title = 'Delete style', options = x'613A313A7B733A31303A2261747472696275746573223B613A313A7B733A353A227469746C65223B733A32323A2244656C65746520616E20696D616765207374796C652E223B7D7D', hidden = 0, weight = 0, depth = 5, p3 = 46, p4 = 105, p5 = 171, p6 = 0 WHERE mlid = 171;
UPDATE menu_links SET plid = 105, link_path = 'admin/config/media/image-styles/revert/%', router_path = 'admin/config/media/image-styles/revert/%', link_title = 'Revert style', options = x'613A313A7B733A31303A2261747472696275746573223B613A313A7B733A353A227469746C65223B733A32323A2252657665727420616E20696D616765207374796C652E223B7D7D', hidden = 0, p2 = 8, p3 = 46, p4 = 105 WHERE mlid = 172;
UPDATE menu_links SET plid = 135, link_path = 'admin/structure/types/manage/%/comment/display', router_path = 'admin/structure/types/manage/%/comment/display', link_title = 'Comment display', hidden = -1, weight = 4, depth = 5, p3 = 36, p4 = 135, p5 = 173 WHERE mlid = 173;
UPDATE menu_links SET menu_name = 'management', plid = 135, link_path = 'admin/structure/types/manage/%/comment/fields', router_path = 'admin/structure/types/manage/%/comment/fields', link_title = 'Comment fields', hidden = -1, has_children = 1, weight = 3, depth = 5, p1 = 1, p2 = 21, p3 = 36, p4 = 135, p5 = 174 WHERE mlid = 174;
UPDATE menu_links SET plid = 155, link_path = 'admin/structure/block/manage/%/%/configure', router_path = 'admin/structure/block/manage/%/%/configure', link_title = 'Configure block', hidden = -1, p3 = 30, p4 = 155 WHERE mlid = 175;
UPDATE menu_links SET plid = 155, link_path = 'admin/structure/block/manage/%/%/delete', router_path = 'admin/structure/block/manage/%/%/delete', link_title = 'Delete block', hidden = -1, p2 = 21, p3 = 30, p4 = 155 WHERE mlid = 176;
UPDATE menu_links SET plid = 136, link_path = 'admin/config/regional/date-time/formats/%/delete', router_path = 'admin/config/regional/date-time/formats/%/delete', link_title = 'Delete date format', options = x'613A313A7B733A31303A2261747472696275746573223B613A313A7B733A353A227469746C65223B733A34373A22416C6C6F7720757365727320746F2064656C657465206120636F6E66696775726564206461746520666F726D61742E223B7D7D', depth = 6, p3 = 51, p4 = 99, p5 = 136, p6 = 177 WHERE mlid = 177;
UPDATE menu_links SET plid = 145, link_path = 'admin/config/regional/date-time/types/%/delete', router_path = 'admin/config/regional/date-time/types/%/delete', link_title = 'Delete date type', options = x'613A313A7B733A31303A2261747472696275746573223B613A313A7B733A353A227469746C65223B733A34353A22416C6C6F7720757365727320746F2064656C657465206120636F6E66696775726564206461746520747970652E223B7D7D', depth = 6, p2 = 8, p3 = 51, p4 = 99, p5 = 145, p6 = 178 WHERE mlid = 178;
UPDATE menu_links SET plid = 136, link_path = 'admin/config/regional/date-time/formats/%/edit', router_path = 'admin/config/regional/date-time/formats/%/edit', link_title = 'Edit date format', options = x'613A313A7B733A31303A2261747472696275746573223B613A313A7B733A353A227469746C65223B733A34353A22416C6C6F7720757365727320746F2065646974206120636F6E66696775726564206461746520666F726D61742E223B7D7D', depth = 6, p2 = 8, p3 = 51, p4 = 99, p5 = 136, p6 = 179 WHERE mlid = 179;
UPDATE menu_links SET plid = 168, link_path = 'admin/config/media/image-styles/edit/%/add/%', router_path = 'admin/config/media/image-styles/edit/%/add/%', link_title = 'Add image effect', options = x'613A313A7B733A31303A2261747472696275746573223B613A313A7B733A353A227469746C65223B733A32383A224164642061206E65772065666665637420746F2061207374796C652E223B7D7D', depth = 6, p2 = 8, p3 = 46, p4 = 105, p5 = 168, p6 = 180 WHERE mlid = 180;
UPDATE menu_links SET plid = 168, link_path = 'admin/config/media/image-styles/edit/%/effects/%', router_path = 'admin/config/media/image-styles/edit/%/effects/%', link_title = 'Edit image effect', options = x'613A313A7B733A31303A2261747472696275746573223B613A313A7B733A353A227469746C65223B733A33393A224564697420616E206578697374696E67206566666563742077697468696E2061207374796C652E223B7D7D', has_children = 1, p3 = 46, p4 = 105, p5 = 168 WHERE mlid = 181;
UPDATE menu_links SET plid = 181, link_path = 'admin/config/media/image-styles/edit/%/effects/%/delete', router_path = 'admin/config/media/image-styles/edit/%/effects/%/delete', link_title = 'Delete image effect', options = x'613A313A7B733A31303A2261747472696275746573223B613A313A7B733A353A227469746C65223B733A33393A2244656C65746520616E206578697374696E67206566666563742066726F6D2061207374796C652E223B7D7D', hidden = 0, depth = 7, p2 = 8, p3 = 46, p4 = 105, p5 = 168, p6 = 181, p7 = 182 WHERE mlid = 182;
UPDATE menu_links SET plid = 47, link_path = 'admin/structure/menu/manage/main-menu', router_path = 'admin/structure/menu/manage/%', link_title = 'Main menu', module = 'menu', hidden = 0, depth = 4, p4 = 183, p5 = 0 WHERE mlid = 183;
UPDATE menu_links SET link_path = 'admin/structure/menu/manage/management', router_path = 'admin/structure/menu/manage/%', link_title = 'Management', module = 'menu' WHERE mlid = 184;
UPDATE menu_links SET plid = 47, link_path = 'admin/structure/menu/manage/navigation', router_path = 'admin/structure/menu/manage/%', link_title = 'Navigation', module = 'menu', depth = 4, p2 = 21, p3 = 47, p4 = 185, p5 = 0 WHERE mlid = 185;
UPDATE menu_links SET plid = 47, link_path = 'admin/structure/menu/manage/user-menu', router_path = 'admin/structure/menu/manage/%', link_title = 'User menu', options = x'613A303A7B7D', module = 'menu', has_children = 0, depth = 4, p2 = 21, p3 = 47, p4 = 186, p5 = 0 WHERE mlid = 186;
UPDATE menu_links SET menu_name = 'navigation', plid = 0, link_path = 'search', router_path = 'search', link_title = 'Search', hidden = 1, weight = 0, depth = 1, p1 = 187, p2 = 0, p3 = 0, p4 = 0, p5 = 0 WHERE mlid = 187;
UPDATE menu_links SET menu_name = 'navigation', plid = 187, link_path = 'search/node', router_path = 'search/node', link_title = 'Content', hidden = -1, weight = -10, depth = 2, p1 = 187, p2 = 188, p3 = 0, p4 = 0 WHERE mlid = 188;
UPDATE menu_links SET menu_name = 'navigation', plid = 187, link_path = 'search/user', router_path = 'search/user', link_title = 'Users', options = x'613A303A7B7D', hidden = -1, depth = 2, p1 = 187, p2 = 189, p3 = 0, p4 = 0, p5 = 0 WHERE mlid = 189;
UPDATE menu_links SET menu_name = 'navigation', plid = 188, link_path = 'search/node/%', router_path = 'search/node/%', link_title = 'Content', options = x'613A303A7B7D', hidden = -1, depth = 3, p1 = 187, p2 = 188, p3 = 190, p4 = 0, p5 = 0 WHERE mlid = 190;
UPDATE menu_links SET menu_name = 'navigation', plid = 17, link_path = 'user/%/shortcuts', router_path = 'user/%/shortcuts', link_title = 'Shortcuts', weight = 0, depth = 2, p1 = 17, p2 = 191, p3 = 0, p4 = 0, p5 = 0 WHERE mlid = 191;
UPDATE menu_links SET plid = 19, link_path = 'admin/reports/search', router_path = 'admin/reports/search', link_title = 'Top search phrases', options = x'613A313A7B733A31303A2261747472696275746573223B613A313A7B733A353A227469746C65223B733A33333A2256696577206D6F737420706F70756C61722073656172636820706872617365732E223B7D7D', hidden = 0, has_children = 0, weight = 0, depth = 3, p2 = 19, p3 = 192, p4 = 0, p5 = 0 WHERE mlid = 192;
UPDATE menu_links SET menu_name = 'navigation', plid = 189, link_path = 'search/user/%', router_path = 'search/user/%', link_title = 'Users', depth = 3, p1 = 187, p2 = 189, p3 = 193, p4 = 0, p5 = 0 WHERE mlid = 193;
UPDATE menu_links SET plid = 12, link_path = 'admin/help/number', router_path = 'admin/help/number', link_title = 'number', depth = 3, p2 = 12, p3 = 194, p4 = 0, p5 = 0 WHERE mlid = 194;
UPDATE menu_links SET plid = 12, link_path = 'admin/help/overlay', router_path = 'admin/help/overlay', link_title = 'overlay', options = x'613A303A7B7D', hidden = -1, depth = 3, p2 = 12, p3 = 195, p4 = 0, p5 = 0, p6 = 0 WHERE mlid = 195;
UPDATE menu_links SET plid = 12, link_path = 'admin/help/path', router_path = 'admin/help/path', link_title = 'path', options = x'613A303A7B7D', hidden = -1, depth = 3, p2 = 12, p3 = 196, p4 = 0, p5 = 0, p6 = 0 WHERE mlid = 196;
UPDATE menu_links SET plid = 12, link_path = 'admin/help/rdf', router_path = 'admin/help/rdf', link_title = 'rdf', options = x'613A303A7B7D', hidden = -1, depth = 3, p2 = 12, p3 = 197, p4 = 0, p5 = 0, p6 = 0 WHERE mlid = 197;
UPDATE menu_links SET plid = 12, link_path = 'admin/help/search', router_path = 'admin/help/search', link_title = 'search', options = x'613A303A7B7D', hidden = -1, depth = 3, p2 = 12, p3 = 198, p4 = 0, p5 = 0, p6 = 0 WHERE mlid = 198;
UPDATE menu_links SET plid = 12, link_path = 'admin/help/shortcut', router_path = 'admin/help/shortcut', link_title = 'shortcut', options = x'613A303A7B7D', hidden = -1, has_children = 0, depth = 3, p2 = 12, p3 = 199, p4 = 0, p5 = 0, p6 = 0 WHERE mlid = 199;
UPDATE menu_links SET plid = 53, link_path = 'admin/config/search/settings', router_path = 'admin/config/search/settings', link_title = 'Search settings', options = x'613A313A7B733A31303A2261747472696275746573223B613A313A7B733A353A227469746C65223B733A36373A22436F6E6669677572652072656C6576616E63652073657474696E677320666F722073656172636820616E64206F7468657220696E646578696E67206F7074696F6E732E223B7D7D', weight = -10, depth = 4, p3 = 53, p4 = 200, p5 = 0, p6 = 0, p7 = 0 WHERE mlid = 200;
UPDATE menu_links SET plid = 61, link_path = 'admin/config/user-interface/shortcut', router_path = 'admin/config/user-interface/shortcut', link_title = 'Shortcuts', options = x'613A313A7B733A31303A2261747472696275746573223B613A313A7B733A353A227469746C65223B733A32393A2241646420616E64206D6F646966792073686F727463757420736574732E223B7D7D', module = 'system', has_children = 1, p2 = 8, p3 = 61 WHERE mlid = 201;
UPDATE menu_links SET plid = 53, link_path = 'admin/config/search/path', router_path = 'admin/config/search/path', link_title = 'URL aliases', options = x'613A313A7B733A31303A2261747472696275746573223B613A313A7B733A353A227469746C65223B733A34363A224368616E676520796F7572207369746527732055524C20706174687320627920616C696173696E67207468656D2E223B7D7D', module = 'system', has_children = 1, weight = -5, p2 = 8, p3 = 53 WHERE mlid = 202;
UPDATE menu_links SET plid = 202, link_path = 'admin/config/search/path/add', router_path = 'admin/config/search/path/add', link_title = 'Add alias', module = 'system', hidden = -1, depth = 5, p2 = 8, p3 = 53, p4 = 202, p5 = 203 WHERE mlid = 203;
UPDATE menu_links SET plid = 201, link_path = 'admin/config/user-interface/shortcut/add-set', router_path = 'admin/config/user-interface/shortcut/add-set', link_title = 'Add shortcut set', module = 'system', hidden = -1, depth = 5, p2 = 8, p3 = 61, p4 = 201, p5 = 204 WHERE mlid = 204;
UPDATE menu_links SET menu_name = 'management', plid = 200, link_path = 'admin/config/search/settings/reindex', router_path = 'admin/config/search/settings/reindex', link_title = 'Clear index', hidden = -1, depth = 5, p1 = 1, p2 = 8, p3 = 53, p4 = 200, p5 = 205 WHERE mlid = 205;
UPDATE menu_links SET menu_name = 'management', plid = 201, link_path = 'admin/config/user-interface/shortcut/%', router_path = 'admin/config/user-interface/shortcut/%', link_title = 'Edit shortcuts', hidden = 0, has_children = 1, weight = 0, depth = 5, p1 = 1, p2 = 8, p3 = 61, p4 = 201, p5 = 206 WHERE mlid = 206;
UPDATE menu_links SET menu_name = 'management', plid = 202, link_path = 'admin/config/search/path/list', router_path = 'admin/config/search/path/list', link_title = 'List', weight = -10, depth = 5, p1 = 1, p2 = 8, p3 = 53, p4 = 202, p5 = 207 WHERE mlid = 207;
UPDATE menu_links SET menu_name = 'management', link_path = 'admin/config/user-interface/shortcut/%/add-link', router_path = 'admin/config/user-interface/shortcut/%/add-link', link_title = 'Add shortcut', depth = 6, p1 = 1, p2 = 8, p3 = 61, p4 = 201, p5 = 206, p6 = 208 WHERE mlid = 208;
UPDATE menu_links SET menu_name = 'management', plid = 202, link_path = 'admin/config/search/path/delete/%', router_path = 'admin/config/search/path/delete/%', link_title = 'Delete alias', hidden = 0, depth = 5, p1 = 1, p2 = 8, p3 = 53, p4 = 202, p5 = 209 WHERE mlid = 209;
UPDATE menu_links SET plid = 206, link_path = 'admin/config/user-interface/shortcut/%/delete', router_path = 'admin/config/user-interface/shortcut/%/delete', link_title = 'Delete shortcut set', options = x'613A303A7B7D', depth = 6, p2 = 8, p3 = 61, p4 = 201, p5 = 206, p6 = 210 WHERE mlid = 210;
UPDATE menu_links SET menu_name = 'management', plid = 202, link_path = 'admin/config/search/path/edit/%', router_path = 'admin/config/search/path/edit/%', link_title = 'Edit alias', hidden = 0, depth = 5, p1 = 1, p2 = 8, p3 = 53, p4 = 202, p5 = 211 WHERE mlid = 211;
UPDATE menu_links SET plid = 206, link_path = 'admin/config/user-interface/shortcut/%/edit', router_path = 'admin/config/user-interface/shortcut/%/edit', link_title = 'Edit set name', weight = 10, depth = 6, p2 = 8, p3 = 61, p4 = 201, p5 = 206, p6 = 212 WHERE mlid = 212;
UPDATE menu_links SET plid = 201, link_path = 'admin/config/user-interface/shortcut/link/%', router_path = 'admin/config/user-interface/shortcut/link/%', link_title = 'Edit shortcut', hidden = 0, has_children = 1, depth = 5, p2 = 8, p3 = 61, p4 = 201, p5 = 213 WHERE mlid = 213;
UPDATE menu_links SET plid = 206, link_path = 'admin/config/user-interface/shortcut/%/links', router_path = 'admin/config/user-interface/shortcut/%/links', link_title = 'List links', depth = 6, p2 = 8, p3 = 61, p4 = 201, p5 = 206, p6 = 214 WHERE mlid = 214;
UPDATE menu_links SET plid = 213, link_path = 'admin/config/user-interface/shortcut/link/%/delete', router_path = 'admin/config/user-interface/shortcut/link/%/delete', link_title = 'Delete shortcut', hidden = 0, depth = 6, p2 = 8, p3 = 61, p4 = 201, p5 = 213, p6 = 215 WHERE mlid = 215;
UPDATE menu_links SET menu_name = 'shortcut-set-1', plid = 0, link_path = 'node/add', router_path = 'node/add', link_title = 'Add content', module = 'menu', hidden = 0, weight = -50, depth = 1, p1 = 216, p2 = 0, p3 = 0 WHERE mlid = 216;
UPDATE menu_links SET menu_name = 'shortcut-set-1', plid = 0, link_path = 'admin/content', router_path = 'admin/content', link_title = 'Find content', module = 'menu', hidden = 0, weight = -49, depth = 1, p1 = 217, p2 = 0, p3 = 0 WHERE mlid = 217;
UPDATE menu_links SET menu_name = 'main-menu', plid = 0, link_path = '<front>', router_path = '', link_title = 'Home', options = x'613A303A7B7D', module = 'menu', external = 1, weight = 0, depth = 1, p1 = 218, p2 = 0, p3 = 0, p4 = 0 WHERE mlid = 218;
UPDATE menu_links SET menu_name = 'navigation', plid = 6, link_path = 'node/add/article', router_path = 'node/add/article', link_title = 'Article', options = x'613A313A7B733A31303A2261747472696275746573223B613A313A7B733A353A227469746C65223B733A38393A22557365203C656D3E61727469636C65733C2F656D3E20666F722074696D652D73656E73697469766520636F6E74656E74206C696B65206E6577732C2070726573732072656C6561736573206F7220626C6F6720706F7374732E223B7D7D', has_children = 0, depth = 2, p1 = 6, p2 = 219, p3 = 0, p4 = 0 WHERE mlid = 219;
UPDATE menu_links SET menu_name = 'navigation', plid = 6, link_path = 'node/add/page', router_path = 'node/add/page', link_title = 'Basic page', options = x'613A313A7B733A31303A2261747472696275746573223B613A313A7B733A353A227469746C65223B733A37373A22557365203C656D3E62617369632070616765733C2F656D3E20666F7220796F75722073746174696320636F6E74656E742C207375636820617320616E202741626F75742075732720706167652E223B7D7D', has_children = 0, weight = 0, depth = 2, p1 = 6, p2 = 220, p3 = 0, p4 = 0 WHERE mlid = 220;
UPDATE menu_links SET plid = 12, link_path = 'admin/help/toolbar', router_path = 'admin/help/toolbar', link_title = 'toolbar', depth = 3, p2 = 12, p3 = 221, p4 = 0, p5 = 0 WHERE mlid = 221;
UPDATE menu_links SET plid = 267, link_path = 'admin/structure/types/manage/%/fields/%', router_path = 'admin/structure/types/manage/%/fields/%', link_title = '', hidden = 0, weight = 0, depth = 6, p3 = 36, p4 = 135, p5 = 267, p6 = 278 WHERE mlid = 278;
UPDATE menu_links SET plid = 270, link_path = 'admin/structure/taxonomy/%/fields/%/delete', router_path = 'admin/structure/taxonomy/%/fields/%/delete', link_title = 'Delete', weight = 10, depth = 7, p2 = 21, p3 = 57, p4 = 89, p5 = 262, p6 = 270, p7 = 279 WHERE mlid = 279;
UPDATE menu_links SET plid = 270, link_path = 'admin/structure/taxonomy/%/fields/%/edit', router_path = 'admin/structure/taxonomy/%/fields/%/edit', link_title = 'Edit', has_children = 0, weight = 0, depth = 7, p5 = 262, p6 = 270, p7 = 280 WHERE mlid = 280;
UPDATE menu_links SET plid = 270, link_path = 'admin/structure/taxonomy/%/fields/%/field-settings', router_path = 'admin/structure/taxonomy/%/fields/%/field-settings', link_title = 'Field settings', has_children = 0, weight = 0, depth = 7, p2 = 21, p3 = 57, p4 = 89, p5 = 262, p6 = 270, p7 = 281 WHERE mlid = 281;
UPDATE menu_links SET plid = 270, link_path = 'admin/structure/taxonomy/%/fields/%/widget-type', router_path = 'admin/structure/taxonomy/%/fields/%/widget-type', link_title = 'Widget type', weight = 0, depth = 7, p5 = 262, p6 = 270, p7 = 282 WHERE mlid = 282;
UPDATE menu_links SET plid = 271, link_path = 'admin/config/people/accounts/fields/%/delete', router_path = 'admin/config/people/accounts/fields/%/delete', link_title = 'Delete', weight = 10, depth = 7, p5 = 263, p6 = 271, p7 = 283 WHERE mlid = 283;
UPDATE menu_links SET plid = 271, link_path = 'admin/config/people/accounts/fields/%/edit', router_path = 'admin/config/people/accounts/fields/%/edit', link_title = 'Edit', weight = 0, depth = 7, p2 = 8, p3 = 48, p4 = 90, p5 = 263, p6 = 271, p7 = 284 WHERE mlid = 284;
UPDATE menu_links SET plid = 271, link_path = 'admin/config/people/accounts/fields/%/field-settings', router_path = 'admin/config/people/accounts/fields/%/field-settings', link_title = 'Field settings', has_children = 0, weight = 0, depth = 7, p2 = 8, p3 = 48, p4 = 90, p5 = 263, p6 = 271, p7 = 285 WHERE mlid = 285;
UPDATE menu_links SET plid = 271, link_path = 'admin/config/people/accounts/fields/%/widget-type', router_path = 'admin/config/people/accounts/fields/%/widget-type', link_title = 'Widget type', depth = 7, p2 = 8, p3 = 48, p4 = 90, p5 = 263, p6 = 271, p7 = 286 WHERE mlid = 286;
UPDATE menu_links SET plid = 173, link_path = 'admin/structure/types/manage/%/comment/display/default', router_path = 'admin/structure/types/manage/%/comment/display/default', link_title = 'Default', weight = -10, p2 = 21, p3 = 36, p4 = 135, p5 = 173 WHERE mlid = 287;
UPDATE menu_links SET plid = 173, link_path = 'admin/structure/types/manage/%/comment/display/full', router_path = 'admin/structure/types/manage/%/comment/display/full', link_title = 'Full comment', hidden = -1, p2 = 21, p3 = 36, p4 = 135, p5 = 173 WHERE mlid = 288;
UPDATE menu_links SET plid = 174, link_path = 'admin/structure/types/manage/%/comment/fields/%', router_path = 'admin/structure/types/manage/%/comment/fields/%', p3 = 36, p4 = 135, p5 = 174 WHERE mlid = 289;
UPDATE menu_links SET plid = 278, link_path = 'admin/structure/types/manage/%/fields/%/delete', router_path = 'admin/structure/types/manage/%/fields/%/delete', link_title = 'Delete', weight = 10, depth = 7, p4 = 135, p5 = 267, p6 = 278, p7 = 290 WHERE mlid = 290;
UPDATE menu_links SET plid = 278, link_path = 'admin/structure/types/manage/%/fields/%/edit', router_path = 'admin/structure/types/manage/%/fields/%/edit', link_title = 'Edit', depth = 7, p4 = 135, p5 = 267, p6 = 278, p7 = 291 WHERE mlid = 291;
UPDATE menu_links SET plid = 278, link_path = 'admin/structure/types/manage/%/fields/%/field-settings', router_path = 'admin/structure/types/manage/%/fields/%/field-settings', link_title = 'Field settings', weight = 0, depth = 7, p4 = 135, p5 = 267, p6 = 278, p7 = 292 WHERE mlid = 292;
UPDATE menu_links SET plid = 278, link_path = 'admin/structure/types/manage/%/fields/%/widget-type', router_path = 'admin/structure/types/manage/%/fields/%/widget-type', link_title = 'Widget type', weight = 0, depth = 7, p4 = 135, p5 = 267, p6 = 278, p7 = 293 WHERE mlid = 293;
UPDATE menu_links SET plid = 289, link_path = 'admin/structure/types/manage/%/comment/fields/%/delete', router_path = 'admin/structure/types/manage/%/comment/fields/%/delete', link_title = 'Delete', weight = 10, depth = 7, p4 = 135, p5 = 174, p6 = 289, p7 = 294 WHERE mlid = 294;
UPDATE menu_links SET plid = 289, link_path = 'admin/structure/types/manage/%/comment/fields/%/edit', router_path = 'admin/structure/types/manage/%/comment/fields/%/edit', link_title = 'Edit', weight = 0, depth = 7, p4 = 135, p5 = 174, p6 = 289, p7 = 295 WHERE mlid = 295;
UPDATE menu_links SET plid = 289, link_path = 'admin/structure/types/manage/%/comment/fields/%/field-settings', router_path = 'admin/structure/types/manage/%/comment/fields/%/field-settings', link_title = 'Field settings', hidden = -1, depth = 7, p4 = 135, p5 = 174, p6 = 289, p7 = 296 WHERE mlid = 296;
UPDATE menu_links SET link_path = 'admin/structure/types/manage/%/comment/fields/%/widget-type', router_path = 'admin/structure/types/manage/%/comment/fields/%/widget-type', link_title = 'Widget type', weight = 0, p3 = 36, p4 = 135, p5 = 174 WHERE mlid = 297;
UPDATE menu_links SET plid = 19, link_path = 'admin/reports/updates', router_path = 'admin/reports/updates', link_title = 'Available updates', options = x'613A313A7B733A31303A2261747472696275746573223B613A313A7B733A353A227469746C65223B733A38323A22476574206120737461747573207265706F72742061626F757420617661696C61626C65207570646174657320666F7220796F757220696E7374616C6C6564206D6F64756C657320616E64207468656D65732E223B7D7D', hidden = 0, weight = -50, depth = 3, p2 = 19, p3 = 298, p4 = 0, p5 = 0, p6 = 0, p7 = 0 WHERE mlid = 298;
UPDATE menu_links SET plid = 16, link_path = 'admin/modules/install', router_path = 'admin/modules/install', link_title = 'Install new module', weight = 25, depth = 3, p2 = 16, p3 = 299, p4 = 0, p5 = 0, p6 = 0, p7 = 0 WHERE mlid = 299;
UPDATE menu_links SET plid = 7, link_path = 'admin/appearance/install', router_path = 'admin/appearance/install', link_title = 'Install new theme', weight = 25, depth = 3, p2 = 7, p3 = 300, p4 = 0, p5 = 0, p6 = 0, p7 = 0 WHERE mlid = 300;
UPDATE menu_links SET plid = 16, link_path = 'admin/modules/update', router_path = 'admin/modules/update', link_title = 'Update', depth = 3, p2 = 16, p3 = 301, p4 = 0, p5 = 0, p6 = 0, p7 = 0 WHERE mlid = 301;
UPDATE menu_links SET plid = 7, link_path = 'admin/appearance/update', router_path = 'admin/appearance/update', link_title = 'Update', weight = 10, depth = 3, p2 = 7, p3 = 302, p4 = 0, p5 = 0, p6 = 0, p7 = 0 WHERE mlid = 302;
UPDATE menu_links SET plid = 12, link_path = 'admin/help/php', router_path = 'admin/help/php', link_title = 'php', depth = 3, p2 = 12, p3 = 303, p4 = 0, p5 = 0, p6 = 0, p7 = 0 WHERE mlid = 303;
UPDATE menu_links SET plid = 12, link_path = 'admin/help/update', router_path = 'admin/help/update', link_title = 'update', depth = 3, p2 = 12, p3 = 304, p4 = 0, p5 = 0, p6 = 0, p7 = 0 WHERE mlid = 304;
UPDATE menu_links SET plid = 298, link_path = 'admin/reports/updates/list', router_path = 'admin/reports/updates/list', link_title = 'List', weight = 0, depth = 4, p2 = 19, p3 = 298, p4 = 305, p5 = 0, p6 = 0 WHERE mlid = 305;
UPDATE menu_links SET plid = 298, link_path = 'admin/reports/updates/settings', router_path = 'admin/reports/updates/settings', link_title = 'Settings', weight = 50, depth = 4, p2 = 19, p3 = 298, p4 = 306, p5 = 0, p6 = 0 WHERE mlid = 306;
UPDATE menu_links SET plid = 298, link_path = 'admin/reports/updates/install', router_path = 'admin/reports/updates/install', link_title = 'Install new module or theme', hidden = -1, weight = 25, depth = 4, p2 = 19, p3 = 298, p4 = 307, p5 = 0, p6 = 0 WHERE mlid = 307;
UPDATE menu_links SET plid = 298, link_path = 'admin/reports/updates/update', router_path = 'admin/reports/updates/update', link_title = 'Update', depth = 4, p2 = 19, p3 = 298, p4 = 308, p5 = 0, p6 = 0, p7 = 0 WHERE mlid = 308;
UPDATE menu_links SET plid = 54, link_path = 'admin/appearance/settings/velaio', router_path = 'admin/appearance/settings/velaio', link_title = 'velaio', depth = 4, p2 = 7, p3 = 54, p4 = 309, p5 = 0, p6 = 0, p7 = 0 WHERE mlid = 309;
UPDATE menu_links SET plid = 30, link_path = 'admin/structure/block/list/velaio', router_path = 'admin/structure/block/list/velaio', link_title = 'velaio', weight = -10, depth = 4, p3 = 30, p4 = 310, p5 = 0, p6 = 0, p7 = 0 WHERE mlid = 310;
UPDATE menu_links SET plid = 131, link_path = 'admin/structure/block/list/bartik/add', router_path = 'admin/structure/block/list/bartik/add', link_title = 'Add block', weight = 0, depth = 5, p3 = 30, p4 = 131, p5 = 312, p6 = 0, p7 = 0 WHERE mlid = 312;
UPDATE menu_links SET plid = 54, link_path = 'admin/appearance/settings/alpha', router_path = 'admin/appearance/settings/alpha', link_title = 'Alpha', depth = 4, p2 = 7, p3 = 54, p4 = 313, p5 = 0, p6 = 0, p7 = 0 WHERE mlid = 313;
UPDATE menu_links SET plid = 54, link_path = 'admin/appearance/settings/starterkit_alpha_xhtml', router_path = 'admin/appearance/settings/starterkit_alpha_xhtml', link_title = 'Alpha XHTML Starterkit', depth = 4, p2 = 7, p3 = 54, p4 = 314, p5 = 0, p6 = 0, p7 = 0 WHERE mlid = 314;
UPDATE menu_links SET plid = 54, link_path = 'admin/appearance/settings/omega', router_path = 'admin/appearance/settings/omega', link_title = 'Omega', depth = 4, p2 = 7, p3 = 54, p4 = 315, p5 = 0, p6 = 0, p7 = 0 WHERE mlid = 315;
UPDATE menu_links SET menu_name = 'management', plid = 54, link_path = 'admin/appearance/settings/starterkit_omega_html5', router_path = 'admin/appearance/settings/starterkit_omega_html5', link_title = 'Omega HTML5 Starterkit', hidden = -1, has_children = 0, depth = 4, p1 = 1, p2 = 7, p3 = 54, p4 = 316 WHERE mlid = 316;
UPDATE menu_links SET menu_name = 'management', plid = 54, link_path = 'admin/appearance/settings/starterkit_omega_xhtml', router_path = 'admin/appearance/settings/starterkit_omega_xhtml', link_title = 'Omega XHTML Starter Kit', hidden = -1, depth = 4, p1 = 1, p2 = 7, p3 = 54, p4 = 317 WHERE mlid = 317;
UPDATE menu_links SET plid = 30, link_path = 'admin/structure/block/list/alpha', router_path = 'admin/structure/block/list/alpha', link_title = 'Alpha', weight = 0, depth = 4, p2 = 21, p3 = 30, p4 = 318 WHERE mlid = 318;
UPDATE menu_links SET menu_name = 'management', plid = 30, link_path = 'admin/structure/block/list/starterkit_alpha_xhtml', router_path = 'admin/structure/block/list/starterkit_alpha_xhtml', link_title = 'Alpha XHTML Starterkit', options = x'613A303A7B7D', hidden = -1, depth = 4, p1 = 1, p2 = 21, p3 = 30, p4 = 319 WHERE mlid = 319;
UPDATE menu_links SET plid = 30, link_path = 'admin/structure/block/list/omega', router_path = 'admin/structure/block/list/omega', link_title = 'Omega', weight = 0, depth = 4, p2 = 21, p3 = 30, p4 = 320 WHERE mlid = 320;
UPDATE menu_links SET plid = 30, link_path = 'admin/structure/block/list/starterkit_omega_html5', router_path = 'admin/structure/block/list/starterkit_omega_html5', link_title = 'Omega HTML5 Starterkit', weight = 0, depth = 4, p2 = 21, p3 = 30, p4 = 321 WHERE mlid = 321;
UPDATE menu_links SET plid = 30, link_path = 'admin/structure/block/list/starterkit_omega_xhtml', router_path = 'admin/structure/block/list/starterkit_omega_xhtml', link_title = 'Omega XHTML Starter Kit', weight = 0, depth = 4, p2 = 21, p3 = 30, p4 = 322 WHERE mlid = 322;
UPDATE menu_links SET plid = 318, link_path = 'admin/structure/block/list/alpha/add', router_path = 'admin/structure/block/list/alpha/add', link_title = 'Add block', options = x'613A303A7B7D', hidden = -1, weight = 0, depth = 5, p2 = 21, p3 = 30, p4 = 318, p5 = 323 WHERE mlid = 323;
UPDATE menu_links SET plid = 320, link_path = 'admin/structure/block/list/omega/add', router_path = 'admin/structure/block/list/omega/add', link_title = 'Add block', options = x'613A303A7B7D', hidden = -1, has_children = 0, depth = 5, p3 = 30, p4 = 320, p5 = 324 WHERE mlid = 324;
UPDATE menu_links SET plid = 319, link_path = 'admin/structure/block/list/starterkit_alpha_xhtml/add', router_path = 'admin/structure/block/list/starterkit_alpha_xhtml/add', link_title = 'Add block', options = x'613A303A7B7D', hidden = -1, depth = 5, p2 = 21, p3 = 30, p4 = 319, p5 = 325 WHERE mlid = 325;
UPDATE menu_links SET plid = 321, link_path = 'admin/structure/block/list/starterkit_omega_html5/add', router_path = 'admin/structure/block/list/starterkit_omega_html5/add', link_title = 'Add block', depth = 5, p2 = 21, p3 = 30, p4 = 321, p5 = 326 WHERE mlid = 326;
UPDATE menu_links SET plid = 322, link_path = 'admin/structure/block/list/starterkit_omega_xhtml/add', router_path = 'admin/structure/block/list/starterkit_omega_xhtml/add', link_title = 'Add block', depth = 5, p2 = 21, p3 = 30, p4 = 322, p5 = 327 WHERE mlid = 327;
UPDATE menu_links SET menu_name = 'navigation', plid = 0, link_path = 'blog', router_path = 'blog', link_title = 'Blogs', hidden = 1, has_children = 1, depth = 1, p1 = 328, p2 = 0, p3 = 0 WHERE mlid = 328;
UPDATE menu_links SET menu_name = 'navigation', plid = 328, link_path = 'blog/%', router_path = 'blog/%', link_title = 'My blog', hidden = 0, depth = 2, p1 = 328, p2 = 329, p3 = 0 WHERE mlid = 329;
UPDATE menu_links SET menu_name = 'navigation', plid = 6, link_path = 'node/add/blog', router_path = 'node/add/blog', link_title = 'Blog entry', options = x'613A313A7B733A31303A2261747472696275746573223B613A313A7B733A353A227469746C65223B733A35383A2255736520666F72206D756C74692D7573657220626C6F67732E20457665727920757365722067657473206120706572736F6E616C20626C6F672E223B7D7D', hidden = 0, depth = 2, p1 = 6, p2 = 330, p3 = 0 WHERE mlid = 330;
UPDATE menu_links SET plid = 12, link_path = 'admin/help/blog', router_path = 'admin/help/blog', link_title = 'blog', weight = 0, depth = 3, p2 = 12, p3 = 331, p4 = 0 WHERE mlid = 331;
UPDATE menu_links SET menu_name = 'navigation', plid = 6, link_path = 'node/add/slideshow-homepage', router_path = 'node/add/slideshow-homepage', link_title = 'slideshow_homepage', hidden = 0, weight = 0, depth = 2, p1 = 6, p2 = 332, p3 = 0, p4 = 0 WHERE mlid = 332;
UPDATE menu_links SET plid = 21, link_path = 'admin/structure/views', router_path = 'admin/structure/views', link_title = 'Views', options = x'613A313A7B733A31303A2261747472696275746573223B613A313A7B733A353A227469746C65223B733A33353A224D616E61676520637573746F6D697A6564206C69737473206F6620636F6E74656E742E223B7D7D', hidden = 0, has_children = 1, depth = 3, p3 = 333, p4 = 0 WHERE mlid = 333;
UPDATE menu_links SET plid = 19, link_path = 'admin/reports/views-plugins', router_path = 'admin/reports/views-plugins', link_title = 'Views plugins', options = x'613A313A7B733A31303A2261747472696275746573223B613A313A7B733A353A227469746C65223B733A33383A224F76657276696577206F6620706C7567696E73207573656420696E20616C6C2076696577732E223B7D7D', hidden = 0, depth = 3, p2 = 19, p3 = 334, p4 = 0 WHERE mlid = 334;
UPDATE menu_links SET plid = 12, link_path = 'admin/help/views_slideshow', router_path = 'admin/help/views_slideshow', link_title = 'views_slideshow', depth = 3, p2 = 12, p3 = 335, p4 = 0 WHERE mlid = 335;
UPDATE menu_links SET plid = 12, link_path = 'admin/help/views_slideshow_cycle', router_path = 'admin/help/views_slideshow_cycle', link_title = 'views_slideshow_cycle', weight = 0, depth = 3, p2 = 12, p3 = 336, p4 = 0 WHERE mlid = 336;
UPDATE menu_links SET plid = 333, link_path = 'admin/structure/views/add', router_path = 'admin/structure/views/add', link_title = 'Add new view', p2 = 21, p3 = 333 WHERE mlid = 337;
UPDATE menu_links SET plid = 333, link_path = 'admin/structure/views/add-template', router_path = 'admin/structure/views/add-template', link_title = 'Add view from template', weight = 0, p3 = 333 WHERE mlid = 338;
UPDATE menu_links SET plid = 333, link_path = 'admin/structure/views/import', router_path = 'admin/structure/views/import', link_title = 'Import', weight = 0, p2 = 21, p3 = 333 WHERE mlid = 339;
UPDATE menu_links SET plid = 333, link_path = 'admin/structure/views/list', router_path = 'admin/structure/views/list', link_title = 'List', weight = -10, p3 = 333 WHERE mlid = 340;
UPDATE menu_links SET link_path = 'admin/reports/fields/list', router_path = 'admin/reports/fields/list', link_title = 'List', options = x'613A303A7B7D', weight = -10 WHERE mlid = 341;
UPDATE menu_links SET plid = 333, link_path = 'admin/structure/views/settings', router_path = 'admin/structure/views/settings', link_title = 'Settings', weight = 0, depth = 4, p3 = 333, p4 = 342, p5 = 0 WHERE mlid = 342;
UPDATE menu_links SET plid = 42, link_path = 'admin/reports/fields/views-fields', router_path = 'admin/reports/fields/views-fields', link_title = 'Used in views', options = x'613A313A7B733A31303A2261747472696275746573223B613A313A7B733A353A227469746C65223B733A33373A224F76657276696577206F66206669656C6473207573656420696E20616C6C2076696577732E223B7D7D', depth = 4, p2 = 19, p3 = 42, p4 = 343, p5 = 0 WHERE mlid = 343;
UPDATE menu_links SET plid = 342, link_path = 'admin/structure/views/settings/advanced', router_path = 'admin/structure/views/settings/advanced', link_title = 'Advanced', hidden = -1, weight = 1, depth = 5, p3 = 333, p4 = 342, p5 = 344 WHERE mlid = 344;
UPDATE menu_links SET plid = 342, link_path = 'admin/structure/views/settings/basic', router_path = 'admin/structure/views/settings/basic', link_title = 'Basic', p3 = 333, p4 = 342 WHERE mlid = 345;
UPDATE menu_links SET plid = 333, link_path = 'admin/structure/views/view/%', router_path = 'admin/structure/views/view/%', link_title = '', hidden = 0, weight = 0, depth = 4, p3 = 333, p4 = 346, p5 = 0 WHERE mlid = 346;
UPDATE menu_links SET plid = 346, link_path = 'admin/structure/views/view/%/break-lock', router_path = 'admin/structure/views/view/%/break-lock', link_title = 'Break lock', p3 = 333, p4 = 346 WHERE mlid = 347;
UPDATE menu_links SET plid = 346, link_path = 'admin/structure/views/view/%/edit', router_path = 'admin/structure/views/view/%/edit', link_title = 'Edit view', weight = -10, p3 = 333, p4 = 346 WHERE mlid = 348;
UPDATE menu_links SET plid = 346, link_path = 'admin/structure/views/view/%/clone', router_path = 'admin/structure/views/view/%/clone', link_title = 'Clone', p3 = 333, p4 = 346 WHERE mlid = 349;
UPDATE menu_links SET plid = 346, link_path = 'admin/structure/views/view/%/delete', router_path = 'admin/structure/views/view/%/delete', link_title = 'Delete', p3 = 333, p4 = 346 WHERE mlid = 350;
UPDATE menu_links SET plid = 346, link_path = 'admin/structure/views/view/%/export', router_path = 'admin/structure/views/view/%/export', link_title = 'Export', hidden = -1, depth = 5, p3 = 333, p4 = 346, p5 = 351 WHERE mlid = 351;
UPDATE menu_links SET plid = 346, link_path = 'admin/structure/views/view/%/revert', router_path = 'admin/structure/views/view/%/revert', link_title = 'Revert', p3 = 333, p4 = 346 WHERE mlid = 352;
UPDATE menu_links SET plid = 346, link_path = 'admin/structure/views/view/%/preview/%', router_path = 'admin/structure/views/view/%/preview/%', hidden = -1, depth = 5, p3 = 333, p4 = 346, p5 = 353 WHERE mlid = 353;
--
-- Drop keys of menu_links
--
ALTER TABLE menu_links
  DROP INDEX menu_parents,
  DROP INDEX menu_plid_expand_child,
  DROP INDEX path_menu,
  DROP INDEX router_path,
  CHANGE COLUMN mlid mlid INT(10) UNSIGNED NOT NULL AUTO_INCREMENT COMMENT 'The menu link ID (mlid) is the integer primary key.';

--
-- Inserting data into table menu_links
--
INSERT INTO menu_links(mlid, menu_name, plid, link_path, router_path, link_title, options, module, hidden, external, has_children, expanded, weight, depth, customized, p1, p2, p3, p4, p5, p6, p7, p8, p9, updated) VALUES
(260, 'management', 89, 'admin/structure/taxonomy/%/display', 'admin/structure/taxonomy/%/display', 'Manage display', x'613A303A7B7D', 'system', -1, 0, 0, 0, 2, 5, 0, 1, 21, 57, 89, 260, 0, 0, 0, 0, 0),
(261, 'management', 90, 'admin/config/people/accounts/display', 'admin/config/people/accounts/display', 'Manage display', x'613A303A7B7D', 'system', -1, 0, 0, 0, 2, 5, 0, 1, 8, 48, 90, 261, 0, 0, 0, 0, 0),
(262, 'management', 89, 'admin/structure/taxonomy/%/fields', 'admin/structure/taxonomy/%/fields', 'Manage fields', x'613A303A7B7D', 'system', -1, 0, 1, 0, 1, 5, 0, 1, 21, 57, 89, 262, 0, 0, 0, 0, 0),
(263, 'management', 90, 'admin/config/people/accounts/fields', 'admin/config/people/accounts/fields', 'Manage fields', x'613A303A7B7D', 'system', -1, 0, 1, 0, 1, 5, 0, 1, 8, 48, 90, 263, 0, 0, 0, 0, 0),
(264, 'management', 260, 'admin/structure/taxonomy/%/display/default', 'admin/structure/taxonomy/%/display/default', 'Default', x'613A303A7B7D', 'system', -1, 0, 0, 0, -10, 6, 0, 1, 21, 57, 89, 260, 264, 0, 0, 0, 0),
(265, 'management', 261, 'admin/config/people/accounts/display/default', 'admin/config/people/accounts/display/default', 'Default', x'613A303A7B7D', 'system', -1, 0, 0, 0, -10, 6, 0, 1, 8, 48, 90, 261, 265, 0, 0, 0, 0),
(266, 'management', 135, 'admin/structure/types/manage/%/display', 'admin/structure/types/manage/%/display', 'Manage display', x'613A303A7B7D', 'system', -1, 0, 0, 0, 2, 5, 0, 1, 21, 36, 135, 266, 0, 0, 0, 0, 0),
(267, 'management', 135, 'admin/structure/types/manage/%/fields', 'admin/structure/types/manage/%/fields', 'Manage fields', x'613A303A7B7D', 'system', -1, 0, 1, 0, 1, 5, 0, 1, 21, 36, 135, 267, 0, 0, 0, 0, 0),
(268, 'management', 260, 'admin/structure/taxonomy/%/display/full', 'admin/structure/taxonomy/%/display/full', 'Taxonomy term page', x'613A303A7B7D', 'system', -1, 0, 0, 0, 0, 6, 0, 1, 21, 57, 89, 260, 268, 0, 0, 0, 0),
(269, 'management', 261, 'admin/config/people/accounts/display/full', 'admin/config/people/accounts/display/full', 'User account', x'613A303A7B7D', 'system', -1, 0, 0, 0, 0, 6, 0, 1, 8, 48, 90, 261, 269, 0, 0, 0, 0),
(270, 'management', 262, 'admin/structure/taxonomy/%/fields/%', 'admin/structure/taxonomy/%/fields/%', '', x'613A303A7B7D', 'system', 0, 0, 0, 0, 0, 6, 0, 1, 21, 57, 89, 262, 270, 0, 0, 0, 0),
(271, 'management', 263, 'admin/config/people/accounts/fields/%', 'admin/config/people/accounts/fields/%', '', x'613A303A7B7D', 'system', 0, 0, 0, 0, 0, 6, 0, 1, 8, 48, 90, 263, 271, 0, 0, 0, 0),
(272, 'management', 266, 'admin/structure/types/manage/%/display/default', 'admin/structure/types/manage/%/display/default', 'Default', x'613A303A7B7D', 'system', -1, 0, 0, 0, -10, 6, 0, 1, 21, 36, 135, 266, 272, 0, 0, 0, 0),
(273, 'management', 266, 'admin/structure/types/manage/%/display/full', 'admin/structure/types/manage/%/display/full', 'Full content', x'613A303A7B7D', 'system', -1, 0, 0, 0, 0, 6, 0, 1, 21, 36, 135, 266, 273, 0, 0, 0, 0),
(274, 'management', 266, 'admin/structure/types/manage/%/display/rss', 'admin/structure/types/manage/%/display/rss', 'RSS', x'613A303A7B7D', 'system', -1, 0, 0, 0, 2, 6, 0, 1, 21, 36, 135, 266, 274, 0, 0, 0, 0),
(275, 'management', 266, 'admin/structure/types/manage/%/display/search_index', 'admin/structure/types/manage/%/display/search_index', 'Search index', x'613A303A7B7D', 'system', -1, 0, 0, 0, 3, 6, 0, 1, 21, 36, 135, 266, 275, 0, 0, 0, 0),
(276, 'management', 266, 'admin/structure/types/manage/%/display/search_result', 'admin/structure/types/manage/%/display/search_result', 'Search result', x'613A303A7B7D', 'system', -1, 0, 0, 0, 4, 6, 0, 1, 21, 36, 135, 266, 276, 0, 0, 0, 0),
(277, 'management', 266, 'admin/structure/types/manage/%/display/teaser', 'admin/structure/types/manage/%/display/teaser', 'Teaser', x'613A303A7B7D', 'system', -1, 0, 0, 0, 1, 6, 0, 1, 21, 36, 135, 266, 277, 0, 0, 0, 0),
(354, 'management', 333, 'admin/structure/views/ajax/preview/%/%', 'admin/structure/views/ajax/preview/%/%', '', x'613A303A7B7D', 'system', 0, 0, 0, 0, 0, 4, 0, 1, 21, 333, 354, 0, 0, 0, 0, 0, 0),
(355, 'management', 333, 'admin/structure/views/nojs/preview/%/%', 'admin/structure/views/nojs/preview/%/%', '', x'613A303A7B7D', 'system', 0, 0, 0, 0, 0, 4, 0, 1, 21, 333, 355, 0, 0, 0, 0, 0, 0),
(356, 'main-menu', 0, 'node/6', 'node/%', 'Lorem Option', x'613A313A7B733A31303A2261747472696275746573223B613A313A7B733A353A227469746C65223B733A303A22223B7D7D', 'menu', 0, 0, 0, 1, 0, 1, 1, 356, 0, 0, 0, 0, 0, 0, 0, 0, 0),
(357, 'main-menu', 0, 'node/6', 'node/%', 'Lorem Option', x'613A313A7B733A31303A2261747472696275746573223B613A313A7B733A353A227469746C65223B733A303A22223B7D7D', 'menu', 0, 0, 0, 1, 0, 1, 1, 357, 0, 0, 0, 0, 0, 0, 0, 0, 0),
(358, 'main-menu', 0, 'node/6', 'node/%', 'Lorem Option', x'613A313A7B733A31303A2261747472696275746573223B613A313A7B733A353A227469746C65223B733A303A22223B7D7D', 'menu', 0, 0, 0, 1, 0, 1, 1, 358, 0, 0, 0, 0, 0, 0, 0, 0, 0),
(359, 'main-menu', 0, 'node/6', 'node/%', 'Lorem Option', x'613A313A7B733A31303A2261747472696275746573223B613A313A7B733A353A227469746C65223B733A303A22223B7D7D', 'menu', 0, 0, 0, 1, 0, 1, 1, 359, 0, 0, 0, 0, 0, 0, 0, 0, 0),
(360, 'main-menu', 0, 'node/6', 'node/%', 'Lorem Option', x'613A313A7B733A31303A2261747472696275746573223B613A313A7B733A353A227469746C65223B733A303A22223B7D7D', 'menu', 0, 0, 0, 1, 0, 1, 1, 360, 0, 0, 0, 0, 0, 0, 0, 0, 0),
(361, 'main-menu', 0, 'node/6', 'node/%', 'Lorem Option', x'613A313A7B733A31303A2261747472696275746573223B613A313A7B733A353A227469746C65223B733A303A22223B7D7D', 'menu', 0, 0, 0, 1, 0, 1, 1, 361, 0, 0, 0, 0, 0, 0, 0, 0, 0),
(362, 'main-menu', 0, 'node/6', 'node/%', 'Lorem Option', x'613A313A7B733A31303A2261747472696275746573223B613A313A7B733A353A227469746C65223B733A303A22223B7D7D', 'menu', 0, 0, 0, 1, 0, 1, 1, 362, 0, 0, 0, 0, 0, 0, 0, 0, 0),
(364, 'shortcut-set-1', 0, 'admin/config/development/performance', 'admin/config/development/performance', 'Performance', x'613A303A7B7D', 'menu', 0, 0, 0, 0, -47, 1, 0, 364, 0, 0, 0, 0, 0, 0, 0, 0, 0);
--
-- Сreating keys for menu_links
--
ALTER TABLE menu_links
  ADD INDEX menu_parents (menu_name, p1, p2, p3, p4, p5, p6, p7, p8, p9);

ALTER TABLE menu_links
  ADD INDEX menu_plid_expand_child (menu_name, plid, expanded, has_children);

ALTER TABLE menu_links
  ADD INDEX path_menu (link_path(128), menu_name);

ALTER TABLE menu_links
  ADD INDEX router_path (router_path(128));

--
-- Deleting data from table menu_router
--

DELETE FROM menu_router WHERE path = 'admin/structure/block/list/velaio/add';
--
-- Updating data of table menu_router
--
UPDATE menu_router SET access_arguments = x'613A313A7B693A303B4F3A383A22737464436C617373223A31333A7B733A383A2266696C656E616D65223B733A33353A2273697465732F616C6C2F7468656D65732F76656C61696F2F76656C61696F2E696E666F223B733A343A226E616D65223B733A363A2276656C61696F223B733A343A2274797065223B733A353A227468656D65223B733A353A226F776E6572223B733A34353A227468656D65732F656E67696E65732F70687074656D706C6174652F70687074656D706C6174652E656E67696E65223B733A363A22737461747573223B733A313A2231223B733A393A22626F6F747374726170223B733A313A2230223B733A31343A22736368656D615F76657273696F6E223B733A323A222D31223B733A363A22776569676874223B733A313A2230223B733A343A22696E666F223B613A31383A7B733A343A226E616D65223B733A363A2276656C61696F223B733A31313A226465736372697074696F6E223B733A303A22223B733A343A22636F7265223B733A333A22372E78223B733A363A22656E67696E65223B733A31313A2270687074656D706C617465223B733A31303A2273637265656E73686F74223B733A33383A2273697465732F616C6C2F7468656D65732F76656C61696F2F73637265656E73686F742E706E67223B733A31303A2262617365207468656D65223B733A353A226F6D656761223B733A373A22726567696F6E73223B613A32333A7B733A383A22706167655F746F70223B733A383A225061676520546F70223B733A31313A22706167655F626F74746F6D223B733A31313A225061676520426F74746F6D223B733A373A22636F6E74656E74223B733A373A22436F6E74656E74223B733A31303A22757365725F6669727374223B733A31343A225573657220426172204669727374223B733A31313A22757365725F7365636F6E64223B733A31353A225573657220426172205365636F6E64223B733A383A226272616E64696E67223B733A383A224272616E64696E67223B733A343A226D656E75223B733A343A224D656E75223B733A31333A22736964656261725F6669727374223B733A31333A2253696465626172204669727374223B733A31343A22736964656261725F7365636F6E64223B733A31343A2253696465626172205365636F6E64223B733A31323A226865616465725F6669727374223B733A31323A22486561646572204669727374223B733A31333A226865616465725F7365636F6E64223B733A31333A22486561646572205365636F6E64223B733A31333A22707265666163655F6669727374223B733A31333A2250726566616365204669727374223B733A31343A22707265666163655F7365636F6E64223B733A31343A2250726566616365205365636F6E64223B733A31333A22707265666163655F7468697264223B733A31333A2250726566616365205468697264223B733A31363A22706F73747363726970745F6669727374223B733A31363A22506F7374736372697074204669727374223B733A31373A22706F73747363726970745F7365636F6E64223B733A31373A22506F7374736372697074205365636F6E64223B733A31363A22706F73747363726970745F7468697264223B733A31363A22506F7374736372697074205468697264223B733A31373A22706F73747363726970745F666F75727468223B733A31373A22506F737473637269707420466F75727468223B733A31323A22666F6F7465725F6669727374223B733A31323A22466F6F746572204669727374223B733A31333A22666F6F7465725F7365636F6E64223B733A31333A22466F6F746572205365636F6E64223B733A31343A2264617368626F6172645F6D61696E223B733A31363A2244617368626F61726420286D61696E29223B733A31373A2264617368626F6172645F73696465626172223B733A31393A2244617368626F61726420287369646562617229223B733A31383A2264617368626F6172645F696E616374697665223B733A32303A2244617368626F6172642028696E61637469766529223B7D733A353A227A6F6E6573223B613A383A7B733A363A22686561646572223B733A363A22486561646572223B733A373A22636F6E74656E74223B733A373A22436F6E74656E74223B733A363A22666F6F746572223B733A363A22466F6F746572223B733A343A2275736572223B733A343A2255736572223B733A383A226272616E64696E67223B733A383A224272616E64696E67223B733A343A226D656E75223B733A343A224D656E75223B733A373A2270726566616365223B733A373A2250726566616365223B733A31303A22706F7374736372697074223B733A31303A22506F7374736372697074223B7D733A333A22637373223B613A313A7B733A31303A22676C6F62616C2E637373223B613A333A7B733A343A226E616D65223B733A32353A22596F757220637573746F6D20676C6F62616C207374796C6573223B733A31313A226465736372697074696F6E223B733A36353A22546869732066696C6520686F6C647320616C6C2074686520676C6F62616C6C792061637469766520637573746F6D20435353206F6620796F7572207468656D652E223B733A373A226F7074696F6E73223B613A313A7B733A363A22776569676874223B733A323A223130223B7D7D7D733A383A2273657474696E6773223B613A3330313A7B733A31303A22616C7068615F67726964223B733A31333A22616C7068615F64656661756C74223B733A32373A22616C7068615F7072696D6172795F616C7068615F64656661756C74223B733A363A226E6F726D616C223B733A31363A22616C7068615F726573706F6E73697665223B733A313A2231223B733A33333A22616C7068615F6C61796F7574735F616C7068615F666C7569645F7072696D617279223B733A363A226E6F726D616C223B733A34333A22616C7068615F6C61796F7574735F616C7068615F666C7569645F6E6F726D616C5F726573706F6E73697665223B733A313A2230223B733A33383A22616C7068615F6C61796F7574735F616C7068615F666C7569645F6E6F726D616C5F6D65646961223B733A3133343A22616C6C20616E6420286D696E2D77696474683A2037343070782920616E6420286D696E2D6465766963652D77696474683A203734307078292C20286D61782D6465766963652D77696474683A2038303070782920616E6420286D696E2D77696474683A2037343070782920616E6420286F7269656E746174696F6E3A6C616E64736361706529223B733A33353A22616C7068615F6C61796F7574735F616C7068615F64656661756C745F7072696D617279223B733A363A226E6F726D616C223B733A34343A22616C7068615F6C61796F7574735F616C7068615F64656661756C745F666C7569645F726573706F6E73697665223B733A313A2230223B733A33393A22616C7068615F6C61796F7574735F616C7068615F64656661756C745F666C7569645F6D65646961223B733A3133343A22616C6C20616E6420286D696E2D77696474683A2037343070782920616E6420286D696E2D6465766963652D77696474683A203734307078292C20286D61782D6465766963652D77696474683A2038303070782920616E6420286D696E2D77696474683A2037343070782920616E6420286F7269656E746174696F6E3A6C616E64736361706529223B733A34303A22616C7068615F6C61796F7574735F616C7068615F64656661756C745F666C7569645F776569676874223B733A313A2230223B733A34353A22616C7068615F6C61796F7574735F616C7068615F64656661756C745F6E6172726F775F726573706F6E73697665223B733A313A2231223B733A34303A22616C7068615F6C61796F7574735F616C7068615F64656661756C745F6E6172726F775F6D65646961223B733A3133343A22616C6C20616E6420286D696E2D77696474683A2037343070782920616E6420286D696E2D6465766963652D77696474683A203734307078292C20286D61782D6465766963652D77696474683A2038303070782920616E6420286D696E2D77696474683A2037343070782920616E6420286F7269656E746174696F6E3A6C616E64736361706529223B733A34313A22616C7068615F6C61796F7574735F616C7068615F64656661756C745F6E6172726F775F776569676874223B733A313A2231223B733A34353A22616C7068615F6C61796F7574735F616C7068615F64656661756C745F6E6F726D616C5F726573706F6E73697665223B733A313A2231223B733A34303A22616C7068615F6C61796F7574735F616C7068615F64656661756C745F6E6F726D616C5F6D65646961223B733A3134343A22616C6C20616E6420286D696E2D77696474683A2039383070782920616E6420286D696E2D6465766963652D77696474683A203938307078292C20616C6C20616E6420286D61782D6465766963652D77696474683A203130323470782920616E6420286D696E2D77696474683A203130323470782920616E6420286F7269656E746174696F6E3A6C616E64736361706529223B733A34313A22616C7068615F6C61796F7574735F616C7068615F64656661756C745F6E6F726D616C5F776569676874223B733A313A2232223B733A34333A22616C7068615F6C61796F7574735F616C7068615F64656661756C745F776964655F726573706F6E73697665223B733A313A2231223B733A33383A22616C7068615F6C61796F7574735F616C7068615F64656661756C745F776964655F6D65646961223B733A32373A22616C6C20616E6420286D696E2D77696474683A2031323230707829223B733A33393A22616C7068615F6C61796F7574735F616C7068615F64656661756C745F776964655F776569676874223B733A313A2233223B733A31343A22616C7068615F76696577706F7274223B733A313A2231223B733A32383A22616C7068615F76696577706F72745F696E697469616C5F7363616C65223B733A313A2231223B733A32343A22616C7068615F76696577706F72745F6D696E5F7363616C65223B733A313A2231223B733A32343A22616C7068615F76696577706F72745F6D61785F7363616C65223B733A313A2231223B733A32393A22616C7068615F76696577706F72745F757365725F7363616C6561626C65223B733A303A22223B733A31353A22616C7068615F6C6962726172696573223B613A333A7B733A31353A226F6D6567615F666F726D616C697A65223B733A31353A226F6D6567615F666F726D616C697A65223B733A31383A226F6D6567615F657175616C68656967687473223B733A303A22223B733A31383A226F6D6567615F6D6564696171756572696573223B733A31383A226F6D6567615F6D6564696171756572696573223B7D733A393A22616C7068615F637373223B613A393A7B733A31353A22616C7068612D72657365742E637373223B733A31353A22616C7068612D72657365742E637373223B733A31363A22616C7068612D6D6F62696C652E637373223B733A31363A22616C7068612D6D6F62696C652E637373223B733A31353A22616C7068612D616C7068612E637373223B733A31353A22616C7068612D616C7068612E637373223B733A31343A226F6D6567612D746578742E637373223B733A31343A226F6D6567612D746578742E637373223B733A31383A226F6D6567612D6272616E64696E672E637373223B733A31383A226F6D6567612D6272616E64696E672E637373223B733A31343A226F6D6567612D6D656E752E637373223B733A31343A226F6D6567612D6D656E752E637373223B733A31353A226F6D6567612D666F726D732E637373223B733A31353A226F6D6567612D666F726D732E637373223B733A31373A226F6D6567612D76697375616C732E637373223B733A31373A226F6D6567612D76697375616C732E637373223B733A31303A22676C6F62616C2E637373223B733A31303A22676C6F62616C2E637373223B7D733A32343A22616C7068615F64656275675F626C6F636B5F746F67676C65223B733A313A2231223B733A32343A22616C7068615F64656275675F626C6F636B5F616374697665223B733A313A2231223B733A32333A22616C7068615F64656275675F677269645F746F67676C65223B733A313A2231223B733A32333A22616C7068615F64656275675F677269645F616374697665223B733A313A2231223B733A32323A22616C7068615F64656275675F677269645F726F6C6573223B613A333A7B693A313B733A313A2231223B693A323B733A313A2232223B693A333B733A313A2233223B7D733A32313A22616C7068615F746F67676C655F6D65737361676573223B733A313A2231223B733A32353A22616C7068615F746F67676C655F616374696F6E5F6C696E6B73223B733A313A2231223B733A31373A22616C7068615F746F67676C655F74616273223B733A313A2231223B733A32333A22616C7068615F746F67676C655F62726561646372756D62223B733A313A2231223B733A32333A22616C7068615F746F67676C655F706167655F7469746C65223B733A313A2231223B733A32333A22616C7068615F746F67676C655F666565645F69636F6E73223B733A313A2231223B733A31383A22616C7068615F68696464656E5F7469746C65223B733A303A22223B733A32323A22616C7068615F68696464656E5F736974655F6E616D65223B733A303A22223B733A32343A22616C7068615F68696464656E5F736974655F736C6F67616E223B733A303A22223B733A33383A22616C7068615F7A6F6E655F757365725F657175616C5F6865696768745F636F6E7461696E6572223B733A303A22223B733A32333A22616C7068615F7A6F6E655F757365725F77726170706572223B733A313A2231223B733A32313A22616C7068615F7A6F6E655F757365725F666F726365223B733A303A22223B733A32333A22616C7068615F7A6F6E655F757365725F73656374696F6E223B733A363A22686561646572223B733A32323A22616C7068615F7A6F6E655F757365725F776569676874223B733A313A2231223B733A32333A22616C7068615F7A6F6E655F757365725F636F6C756D6E73223B733A323A223132223B733A32333A22616C7068615F7A6F6E655F757365725F7072696D617279223B733A303A22223B733A31393A22616C7068615F7A6F6E655F757365725F637373223B733A303A22223B733A32373A22616C7068615F7A6F6E655F757365725F777261707065725F637373223B733A303A22223B733A34323A22616C7068615F7A6F6E655F6272616E64696E675F657175616C5F6865696768745F636F6E7461696E6572223B733A303A22223B733A32373A22616C7068615F7A6F6E655F6272616E64696E675F77726170706572223B733A313A2231223B733A32353A22616C7068615F7A6F6E655F6272616E64696E675F666F726365223B733A303A22223B733A32373A22616C7068615F7A6F6E655F6272616E64696E675F73656374696F6E223B733A363A22686561646572223B733A32363A22616C7068615F7A6F6E655F6272616E64696E675F776569676874223B733A313A2232223B733A32373A22616C7068615F7A6F6E655F6272616E64696E675F636F6C756D6E73223B733A323A223132223B733A32373A22616C7068615F7A6F6E655F6272616E64696E675F7072696D617279223B733A303A22223B733A32333A22616C7068615F7A6F6E655F6272616E64696E675F637373223B733A303A22223B733A33313A22616C7068615F7A6F6E655F6272616E64696E675F777261707065725F637373223B733A303A22223B733A33383A22616C7068615F7A6F6E655F6D656E755F657175616C5F6865696768745F636F6E7461696E6572223B733A303A22223B733A32333A22616C7068615F7A6F6E655F6D656E755F77726170706572223B733A313A2231223B733A32313A22616C7068615F7A6F6E655F6D656E755F666F726365223B733A303A22223B733A32333A22616C7068615F7A6F6E655F6D656E755F73656374696F6E223B733A363A22686561646572223B733A32323A22616C7068615F7A6F6E655F6D656E755F776569676874223B733A313A2233223B733A32333A22616C7068615F7A6F6E655F6D656E755F636F6C756D6E73223B733A323A223132223B733A32333A22616C7068615F7A6F6E655F6D656E755F7072696D617279223B733A303A22223B733A31393A22616C7068615F7A6F6E655F6D656E755F637373223B733A303A22223B733A32373A22616C7068615F7A6F6E655F6D656E755F777261707065725F637373223B733A303A22223B733A34303A22616C7068615F7A6F6E655F6865616465725F657175616C5F6865696768745F636F6E7461696E6572223B733A303A22223B733A32353A22616C7068615F7A6F6E655F6865616465725F77726170706572223B733A313A2231223B733A32333A22616C7068615F7A6F6E655F6865616465725F666F726365223B733A303A22223B733A32353A22616C7068615F7A6F6E655F6865616465725F73656374696F6E223B733A363A22686561646572223B733A32343A22616C7068615F7A6F6E655F6865616465725F776569676874223B733A313A2234223B733A32353A22616C7068615F7A6F6E655F6865616465725F636F6C756D6E73223B733A323A223132223B733A32353A22616C7068615F7A6F6E655F6865616465725F7072696D617279223B733A303A22223B733A32313A22616C7068615F7A6F6E655F6865616465725F637373223B733A303A22223B733A32393A22616C7068615F7A6F6E655F6865616465725F777261707065725F637373223B733A303A22223B733A34313A22616C7068615F7A6F6E655F707265666163655F657175616C5F6865696768745F636F6E7461696E6572223B733A303A22223B733A32363A22616C7068615F7A6F6E655F707265666163655F77726170706572223B733A313A2231223B733A32343A22616C7068615F7A6F6E655F707265666163655F666F726365223B733A303A22223B733A32363A22616C7068615F7A6F6E655F707265666163655F73656374696F6E223B733A373A22636F6E74656E74223B733A32353A22616C7068615F7A6F6E655F707265666163655F776569676874223B733A313A2231223B733A32363A22616C7068615F7A6F6E655F707265666163655F636F6C756D6E73223B733A323A223132223B733A32363A22616C7068615F7A6F6E655F707265666163655F7072696D617279223B733A303A22223B733A32323A22616C7068615F7A6F6E655F707265666163655F637373223B733A303A22223B733A33303A22616C7068615F7A6F6E655F707265666163655F777261707065725F637373223B733A303A22223B733A34313A22616C7068615F7A6F6E655F636F6E74656E745F657175616C5F6865696768745F636F6E7461696E6572223B733A303A22223B733A32363A22616C7068615F7A6F6E655F636F6E74656E745F77726170706572223B733A313A2231223B733A32343A22616C7068615F7A6F6E655F636F6E74656E745F666F726365223B733A313A2231223B733A32363A22616C7068615F7A6F6E655F636F6E74656E745F73656374696F6E223B733A373A22636F6E74656E74223B733A32353A22616C7068615F7A6F6E655F636F6E74656E745F776569676874223B733A313A2232223B733A32363A22616C7068615F7A6F6E655F636F6E74656E745F636F6C756D6E73223B733A323A223132223B733A32363A22616C7068615F7A6F6E655F636F6E74656E745F7072696D617279223B733A373A22636F6E74656E74223B733A32323A22616C7068615F7A6F6E655F636F6E74656E745F637373223B733A303A22223B733A33303A22616C7068615F7A6F6E655F636F6E74656E745F777261707065725F637373223B733A303A22223B733A34343A22616C7068615F7A6F6E655F706F73747363726970745F657175616C5F6865696768745F636F6E7461696E6572223B733A303A22223B733A32393A22616C7068615F7A6F6E655F706F73747363726970745F77726170706572223B733A313A2231223B733A32373A22616C7068615F7A6F6E655F706F73747363726970745F666F726365223B733A303A22223B733A32393A22616C7068615F7A6F6E655F706F73747363726970745F73656374696F6E223B733A373A22636F6E74656E74223B733A32383A22616C7068615F7A6F6E655F706F73747363726970745F776569676874223B733A313A2233223B733A32393A22616C7068615F7A6F6E655F706F73747363726970745F636F6C756D6E73223B733A323A223132223B733A32393A22616C7068615F7A6F6E655F706F73747363726970745F7072696D617279223B733A303A22223B733A32353A22616C7068615F7A6F6E655F706F73747363726970745F637373223B733A303A22223B733A33333A22616C7068615F7A6F6E655F706F73747363726970745F777261707065725F637373223B733A303A22223B733A34303A22616C7068615F7A6F6E655F666F6F7465725F657175616C5F6865696768745F636F6E7461696E6572223B733A303A22223B733A32353A22616C7068615F7A6F6E655F666F6F7465725F77726170706572223B733A313A2231223B733A32333A22616C7068615F7A6F6E655F666F6F7465725F666F726365223B733A303A22223B733A32353A22616C7068615F7A6F6E655F666F6F7465725F73656374696F6E223B733A363A22666F6F746572223B733A32343A22616C7068615F7A6F6E655F666F6F7465725F776569676874223B733A313A2231223B733A32353A22616C7068615F7A6F6E655F666F6F7465725F636F6C756D6E73223B733A323A223132223B733A32353A22616C7068615F7A6F6E655F666F6F7465725F7072696D617279223B733A303A22223B733A32313A22616C7068615F7A6F6E655F666F6F7465725F637373223B733A303A22223B733A32393A22616C7068615F7A6F6E655F666F6F7465725F777261707065725F637373223B733A303A22223B733A35333A22616C7068615F726567696F6E5F64617368626F6172645F736964656261725F657175616C5F6865696768745F636F6E7461696E6572223B733A303A22223B733A35313A22616C7068615F726567696F6E5F64617368626F6172645F736964656261725F657175616C5F6865696768745F656C656D656E74223B733A303A22223B733A33363A22616C7068615F726567696F6E5F64617368626F6172645F736964656261725F666F726365223B733A303A22223B733A33353A22616C7068615F726567696F6E5F64617368626F6172645F736964656261725F7A6F6E65223B733A303A22223B733A33373A22616C7068615F726567696F6E5F64617368626F6172645F736964656261725F707265666978223B733A303A22223B733A33383A22616C7068615F726567696F6E5F64617368626F6172645F736964656261725F636F6C756D6E73223B733A313A2231223B733A33373A22616C7068615F726567696F6E5F64617368626F6172645F736964656261725F737566666978223B733A303A22223B733A33373A22616C7068615F726567696F6E5F64617368626F6172645F736964656261725F776569676874223B733A333A222D3530223B733A33343A22616C7068615F726567696F6E5F64617368626F6172645F736964656261725F637373223B733A303A22223B733A35343A22616C7068615F726567696F6E5F64617368626F6172645F696E6163746976655F657175616C5F6865696768745F636F6E7461696E6572223B733A303A22223B733A35323A22616C7068615F726567696F6E5F64617368626F6172645F696E6163746976655F657175616C5F6865696768745F656C656D656E74223B733A303A22223B733A33373A22616C7068615F726567696F6E5F64617368626F6172645F696E6163746976655F666F726365223B733A303A22223B733A33363A22616C7068615F726567696F6E5F64617368626F6172645F696E6163746976655F7A6F6E65223B733A303A22223B733A33383A22616C7068615F726567696F6E5F64617368626F6172645F696E6163746976655F707265666978223B733A303A22223B733A33393A22616C7068615F726567696F6E5F64617368626F6172645F696E6163746976655F636F6C756D6E73223B733A313A2231223B733A33383A22616C7068615F726567696F6E5F64617368626F6172645F696E6163746976655F737566666978223B733A303A22223B733A33383A22616C7068615F726567696F6E5F64617368626F6172645F696E6163746976655F776569676874223B733A333A222D3530223B733A33353A22616C7068615F726567696F6E5F64617368626F6172645F696E6163746976655F637373223B733A303A22223B733A35303A22616C7068615F726567696F6E5F64617368626F6172645F6D61696E5F657175616C5F6865696768745F636F6E7461696E6572223B733A303A22223B733A34383A22616C7068615F726567696F6E5F64617368626F6172645F6D61696E5F657175616C5F6865696768745F656C656D656E74223B733A303A22223B733A33333A22616C7068615F726567696F6E5F64617368626F6172645F6D61696E5F666F726365223B733A303A22223B733A33323A22616C7068615F726567696F6E5F64617368626F6172645F6D61696E5F7A6F6E65223B733A303A22223B733A33343A22616C7068615F726567696F6E5F64617368626F6172645F6D61696E5F707265666978223B733A303A22223B733A33353A22616C7068615F726567696F6E5F64617368626F6172645F6D61696E5F636F6C756D6E73223B733A313A2231223B733A33343A22616C7068615F726567696F6E5F64617368626F6172645F6D61696E5F737566666978223B733A303A22223B733A33343A22616C7068615F726567696F6E5F64617368626F6172645F6D61696E5F776569676874223B733A333A222D3530223B733A33313A22616C7068615F726567696F6E5F64617368626F6172645F6D61696E5F637373223B733A303A22223B733A34363A22616C7068615F726567696F6E5F757365725F66697273745F657175616C5F6865696768745F636F6E7461696E6572223B733A303A22223B733A34343A22616C7068615F726567696F6E5F757365725F66697273745F657175616C5F6865696768745F656C656D656E74223B733A303A22223B733A32393A22616C7068615F726567696F6E5F757365725F66697273745F666F726365223B733A303A22223B733A32383A22616C7068615F726567696F6E5F757365725F66697273745F7A6F6E65223B733A343A2275736572223B733A33303A22616C7068615F726567696F6E5F757365725F66697273745F707265666978223B733A303A22223B733A33313A22616C7068615F726567696F6E5F757365725F66697273745F636F6C756D6E73223B733A313A2238223B733A33303A22616C7068615F726567696F6E5F757365725F66697273745F737566666978223B733A303A22223B733A33303A22616C7068615F726567696F6E5F757365725F66697273745F776569676874223B733A313A2231223B733A32373A22616C7068615F726567696F6E5F757365725F66697273745F637373223B733A303A22223B733A34373A22616C7068615F726567696F6E5F757365725F7365636F6E645F657175616C5F6865696768745F636F6E7461696E6572223B733A303A22223B733A34353A22616C7068615F726567696F6E5F757365725F7365636F6E645F657175616C5F6865696768745F656C656D656E74223B733A303A22223B733A33303A22616C7068615F726567696F6E5F757365725F7365636F6E645F666F726365223B733A303A22223B733A32393A22616C7068615F726567696F6E5F757365725F7365636F6E645F7A6F6E65223B733A343A2275736572223B733A33313A22616C7068615F726567696F6E5F757365725F7365636F6E645F707265666978223B733A303A22223B733A33323A22616C7068615F726567696F6E5F757365725F7365636F6E645F636F6C756D6E73223B733A313A2234223B733A33313A22616C7068615F726567696F6E5F757365725F7365636F6E645F737566666978223B733A303A22223B733A33313A22616C7068615F726567696F6E5F757365725F7365636F6E645F776569676874223B733A313A2232223B733A32383A22616C7068615F726567696F6E5F757365725F7365636F6E645F637373223B733A303A22223B733A34343A22616C7068615F726567696F6E5F6272616E64696E675F657175616C5F6865696768745F636F6E7461696E6572223B733A303A22223B733A34323A22616C7068615F726567696F6E5F6272616E64696E675F657175616C5F6865696768745F656C656D656E74223B733A303A22223B733A32373A22616C7068615F726567696F6E5F6272616E64696E675F666F726365223B733A313A2231223B733A32363A22616C7068615F726567696F6E5F6272616E64696E675F7A6F6E65223B733A383A226272616E64696E67223B733A32383A22616C7068615F726567696F6E5F6272616E64696E675F707265666978223B733A303A22223B733A32393A22616C7068615F726567696F6E5F6272616E64696E675F636F6C756D6E73223B733A323A223132223B733A32383A22616C7068615F726567696F6E5F6272616E64696E675F737566666978223B733A303A22223B733A32383A22616C7068615F726567696F6E5F6272616E64696E675F776569676874223B733A313A2231223B733A32353A22616C7068615F726567696F6E5F6272616E64696E675F637373223B733A303A22223B733A34303A22616C7068615F726567696F6E5F6D656E755F657175616C5F6865696768745F636F6E7461696E6572223B733A303A22223B733A33383A22616C7068615F726567696F6E5F6D656E755F657175616C5F6865696768745F656C656D656E74223B733A303A22223B733A32333A22616C7068615F726567696F6E5F6D656E755F666F726365223B733A313A2231223B733A32323A22616C7068615F726567696F6E5F6D656E755F7A6F6E65223B733A343A226D656E75223B733A32343A22616C7068615F726567696F6E5F6D656E755F707265666978223B733A303A22223B733A32353A22616C7068615F726567696F6E5F6D656E755F636F6C756D6E73223B733A323A223132223B733A32343A22616C7068615F726567696F6E5F6D656E755F737566666978223B733A303A22223B733A32343A22616C7068615F726567696F6E5F6D656E755F776569676874223B733A313A2231223B733A32313A22616C7068615F726567696F6E5F6D656E755F637373223B733A303A22223B733A34383A22616C7068615F726567696F6E5F6865616465725F66697273745F657175616C5F6865696768745F636F6E7461696E6572223B733A303A22223B733A34363A22616C7068615F726567696F6E5F6865616465725F66697273745F657175616C5F6865696768745F656C656D656E74223B733A303A22223B733A33313A22616C7068615F726567696F6E5F6865616465725F66697273745F666F726365223B733A303A22223B733A33303A22616C7068615F726567696F6E5F6865616465725F66697273745F7A6F6E65223B733A363A22686561646572223B733A33323A22616C7068615F726567696F6E5F6865616465725F66697273745F707265666978223B733A303A22223B733A33333A22616C7068615F726567696F6E5F6865616465725F66697273745F636F6C756D6E73223B733A313A2236223B733A33323A22616C7068615F726567696F6E5F6865616465725F66697273745F737566666978223B733A303A22223B733A33323A22616C7068615F726567696F6E5F6865616465725F66697273745F776569676874223B733A313A2231223B733A32393A22616C7068615F726567696F6E5F6865616465725F66697273745F637373223B733A303A22223B733A34393A22616C7068615F726567696F6E5F6865616465725F7365636F6E645F657175616C5F6865696768745F636F6E7461696E6572223B733A303A22223B733A34373A22616C7068615F726567696F6E5F6865616465725F7365636F6E645F657175616C5F6865696768745F656C656D656E74223B733A303A22223B733A33323A22616C7068615F726567696F6E5F6865616465725F7365636F6E645F666F726365223B733A303A22223B733A33313A22616C7068615F726567696F6E5F6865616465725F7365636F6E645F7A6F6E65223B733A363A22686561646572223B733A33333A22616C7068615F726567696F6E5F6865616465725F7365636F6E645F707265666978223B733A303A22223B733A33343A22616C7068615F726567696F6E5F6865616465725F7365636F6E645F636F6C756D6E73223B733A313A2236223B733A33333A22616C7068615F726567696F6E5F6865616465725F7365636F6E645F737566666978223B733A303A22223B733A33333A22616C7068615F726567696F6E5F6865616465725F7365636F6E645F776569676874223B733A313A2232223B733A33303A22616C7068615F726567696F6E5F6865616465725F7365636F6E645F637373223B733A303A22223B733A34393A22616C7068615F726567696F6E5F707265666163655F66697273745F657175616C5F6865696768745F636F6E7461696E6572223B733A303A22223B733A34373A22616C7068615F726567696F6E5F707265666163655F66697273745F657175616C5F6865696768745F656C656D656E74223B733A303A22223B733A33323A22616C7068615F726567696F6E5F707265666163655F66697273745F666F726365223B733A303A22223B733A33313A22616C7068615F726567696F6E5F707265666163655F66697273745F7A6F6E65223B733A373A2270726566616365223B733A33333A22616C7068615F726567696F6E5F707265666163655F66697273745F707265666978223B733A303A22223B733A33343A22616C7068615F726567696F6E5F707265666163655F66697273745F636F6C756D6E73223B733A313A2234223B733A33333A22616C7068615F726567696F6E5F707265666163655F66697273745F737566666978223B733A303A22223B733A33333A22616C7068615F726567696F6E5F707265666163655F66697273745F776569676874223B733A313A2231223B733A33303A22616C7068615F726567696F6E5F707265666163655F66697273745F637373223B733A303A22223B733A35303A22616C7068615F726567696F6E5F707265666163655F7365636F6E645F657175616C5F6865696768745F636F6E7461696E6572223B733A303A22223B733A34383A22616C7068615F726567696F6E5F707265666163655F7365636F6E645F657175616C5F6865696768745F656C656D656E74223B733A303A22223B733A33333A22616C7068615F726567696F6E5F707265666163655F7365636F6E645F666F726365223B733A303A22223B733A33323A22616C7068615F726567696F6E5F707265666163655F7365636F6E645F7A6F6E65223B733A373A2270726566616365223B733A33343A22616C7068615F726567696F6E5F707265666163655F7365636F6E645F707265666978223B733A303A22223B733A33353A22616C7068615F726567696F6E5F707265666163655F7365636F6E645F636F6C756D6E73223B733A313A2234223B733A33343A22616C7068615F726567696F6E5F707265666163655F7365636F6E645F737566666978223B733A303A22223B733A33343A22616C7068615F726567696F6E5F707265666163655F7365636F6E645F776569676874223B733A313A2232223B733A33313A22616C7068615F726567696F6E5F707265666163655F7365636F6E645F637373223B733A303A22223B733A34393A22616C7068615F726567696F6E5F707265666163655F74686972645F657175616C5F6865696768745F636F6E7461696E6572223B733A303A22223B733A34373A22616C7068615F726567696F6E5F707265666163655F74686972645F657175616C5F6865696768745F656C656D656E74223B733A303A22223B733A33323A22616C7068615F726567696F6E5F707265666163655F74686972645F666F726365223B733A303A22223B733A33313A22616C7068615F726567696F6E5F707265666163655F74686972645F7A6F6E65223B733A373A2270726566616365223B733A33333A22616C7068615F726567696F6E5F707265666163655F74686972645F707265666978223B733A303A22223B733A33343A22616C7068615F726567696F6E5F707265666163655F74686972645F636F6C756D6E73223B733A313A2234223B733A33333A22616C7068615F726567696F6E5F707265666163655F74686972645F737566666978223B733A303A22223B733A33333A22616C7068615F726567696F6E5F707265666163655F74686972645F776569676874223B733A313A2233223B733A33303A22616C7068615F726567696F6E5F707265666163655F74686972645F637373223B733A303A22223B733A34333A22616C7068615F726567696F6E5F636F6E74656E745F657175616C5F6865696768745F636F6E7461696E6572223B733A303A22223B733A34313A22616C7068615F726567696F6E5F636F6E74656E745F657175616C5F6865696768745F656C656D656E74223B733A303A22223B733A32363A22616C7068615F726567696F6E5F636F6E74656E745F666F726365223B733A303A22223B733A32353A22616C7068615F726567696F6E5F636F6E74656E745F7A6F6E65223B733A373A22636F6E74656E74223B733A32373A22616C7068615F726567696F6E5F636F6E74656E745F707265666978223B733A303A22223B733A32383A22616C7068615F726567696F6E5F636F6E74656E745F636F6C756D6E73223B733A313A2236223B733A32373A22616C7068615F726567696F6E5F636F6E74656E745F737566666978223B733A303A22223B733A32373A22616C7068615F726567696F6E5F636F6E74656E745F776569676874223B733A313A2232223B733A32343A22616C7068615F726567696F6E5F636F6E74656E745F637373223B733A303A22223B733A34393A22616C7068615F726567696F6E5F736964656261725F66697273745F657175616C5F6865696768745F636F6E7461696E6572223B733A303A22223B733A34373A22616C7068615F726567696F6E5F736964656261725F66697273745F657175616C5F6865696768745F656C656D656E74223B733A303A22223B733A33323A22616C7068615F726567696F6E5F736964656261725F66697273745F666F726365223B733A303A22223B733A33313A22616C7068615F726567696F6E5F736964656261725F66697273745F7A6F6E65223B733A373A22636F6E74656E74223B733A33333A22616C7068615F726567696F6E5F736964656261725F66697273745F707265666978223B733A303A22223B733A33343A22616C7068615F726567696F6E5F736964656261725F66697273745F636F6C756D6E73223B733A313A2233223B733A33333A22616C7068615F726567696F6E5F736964656261725F66697273745F737566666978223B733A303A22223B733A33333A22616C7068615F726567696F6E5F736964656261725F66697273745F776569676874223B733A313A2231223B733A33303A22616C7068615F726567696F6E5F736964656261725F66697273745F637373223B733A303A22223B733A35303A22616C7068615F726567696F6E5F736964656261725F7365636F6E645F657175616C5F6865696768745F636F6E7461696E6572223B733A303A22223B733A34383A22616C7068615F726567696F6E5F736964656261725F7365636F6E645F657175616C5F6865696768745F656C656D656E74223B733A303A22223B733A33333A22616C7068615F726567696F6E5F736964656261725F7365636F6E645F666F726365223B733A303A22223B733A33323A22616C7068615F726567696F6E5F736964656261725F7365636F6E645F7A6F6E65223B733A373A22636F6E74656E74223B733A33343A22616C7068615F726567696F6E5F736964656261725F7365636F6E645F707265666978223B733A303A22223B733A33353A22616C7068615F726567696F6E5F736964656261725F7365636F6E645F636F6C756D6E73223B733A313A2233223B733A33343A22616C7068615F726567696F6E5F736964656261725F7365636F6E645F737566666978223B733A303A22223B733A33343A22616C7068615F726567696F6E5F736964656261725F7365636F6E645F776569676874223B733A313A2233223B733A33313A22616C7068615F726567696F6E5F736964656261725F7365636F6E645F637373223B733A303A22223B733A35323A22616C7068615F726567696F6E5F706F73747363726970745F66697273745F657175616C5F6865696768745F636F6E7461696E6572223B733A303A22223B733A35303A22616C7068615F726567696F6E5F706F73747363726970745F66697273745F657175616C5F6865696768745F656C656D656E74223B733A303A22223B733A33353A22616C7068615F726567696F6E5F706F73747363726970745F66697273745F666F726365223B733A303A22223B733A33343A22616C7068615F726567696F6E5F706F73747363726970745F66697273745F7A6F6E65223B733A31303A22706F7374736372697074223B733A33363A22616C7068615F726567696F6E5F706F73747363726970745F66697273745F707265666978223B733A303A22223B733A33373A22616C7068615F726567696F6E5F706F73747363726970745F66697273745F636F6C756D6E73223B733A313A2233223B733A33363A22616C7068615F726567696F6E5F706F73747363726970745F66697273745F737566666978223B733A303A22223B733A33363A22616C7068615F726567696F6E5F706F73747363726970745F66697273745F776569676874223B733A313A2231223B733A33333A22616C7068615F726567696F6E5F706F73747363726970745F66697273745F637373223B733A303A22223B733A35333A22616C7068615F726567696F6E5F706F73747363726970745F7365636F6E645F657175616C5F6865696768745F636F6E7461696E6572223B733A303A22223B733A35313A22616C7068615F726567696F6E5F706F73747363726970745F7365636F6E645F657175616C5F6865696768745F656C656D656E74223B733A303A22223B733A33363A22616C7068615F726567696F6E5F706F73747363726970745F7365636F6E645F666F726365223B733A303A22223B733A33353A22616C7068615F726567696F6E5F706F73747363726970745F7365636F6E645F7A6F6E65223B733A31303A22706F7374736372697074223B733A33373A22616C7068615F726567696F6E5F706F73747363726970745F7365636F6E645F707265666978223B733A303A22223B733A33383A22616C7068615F726567696F6E5F706F73747363726970745F7365636F6E645F636F6C756D6E73223B733A313A2233223B733A33373A22616C7068615F726567696F6E5F706F73747363726970745F7365636F6E645F737566666978223B733A303A22223B733A33373A22616C7068615F726567696F6E5F706F73747363726970745F7365636F6E645F776569676874223B733A313A2232223B733A33343A22616C7068615F726567696F6E5F706F73747363726970745F7365636F6E645F637373223B733A303A22223B733A35323A22616C7068615F726567696F6E5F706F73747363726970745F74686972645F657175616C5F6865696768745F636F6E7461696E6572223B733A303A22223B733A35303A22616C7068615F726567696F6E5F706F73747363726970745F74686972645F657175616C5F6865696768745F656C656D656E74223B733A303A22223B733A33353A22616C7068615F726567696F6E5F706F73747363726970745F74686972645F666F726365223B733A303A22223B733A33343A22616C7068615F726567696F6E5F706F73747363726970745F74686972645F7A6F6E65223B733A31303A22706F7374736372697074223B733A33363A22616C7068615F726567696F6E5F706F73747363726970745F74686972645F707265666978223B733A303A22223B733A33373A22616C7068615F726567696F6E5F706F73747363726970745F74686972645F636F6C756D6E73223B733A313A2233223B733A33363A22616C7068615F726567696F6E5F706F73747363726970745F74686972645F737566666978223B733A303A22223B733A33363A22616C7068615F726567696F6E5F706F73747363726970745F74686972645F776569676874223B733A313A2233223B733A33333A22616C7068615F726567696F6E5F706F73747363726970745F74686972645F637373223B733A303A22223B733A35333A22616C7068615F726567696F6E5F706F73747363726970745F666F757274685F657175616C5F6865696768745F636F6E7461696E6572223B733A303A22223B733A35313A22616C7068615F726567696F6E5F706F73747363726970745F666F757274685F657175616C5F6865696768745F656C656D656E74223B733A303A22223B733A33363A22616C7068615F726567696F6E5F706F73747363726970745F666F757274685F666F726365223B733A303A22223B733A33353A22616C7068615F726567696F6E5F706F73747363726970745F666F757274685F7A6F6E65223B733A31303A22706F7374736372697074223B733A33373A22616C7068615F726567696F6E5F706F73747363726970745F666F757274685F707265666978223B733A303A22223B733A33383A22616C7068615F726567696F6E5F706F73747363726970745F666F757274685F636F6C756D6E73223B733A313A2233223B733A33373A22616C7068615F726567696F6E5F706F73747363726970745F666F757274685F737566666978223B733A303A22223B733A33373A22616C7068615F726567696F6E5F706F73747363726970745F666F757274685F776569676874223B733A313A2234223B733A33343A22616C7068615F726567696F6E5F706F73747363726970745F666F757274685F637373223B733A303A22223B733A34383A22616C7068615F726567696F6E5F666F6F7465725F66697273745F657175616C5F6865696768745F636F6E7461696E6572223B733A303A22223B733A34363A22616C7068615F726567696F6E5F666F6F7465725F66697273745F657175616C5F6865696768745F656C656D656E74223B733A303A22223B733A33313A22616C7068615F726567696F6E5F666F6F7465725F66697273745F666F726365223B733A303A22223B733A33303A22616C7068615F726567696F6E5F666F6F7465725F66697273745F7A6F6E65223B733A363A22666F6F746572223B733A33323A22616C7068615F726567696F6E5F666F6F7465725F66697273745F707265666978223B733A303A22223B733A33333A22616C7068615F726567696F6E5F666F6F7465725F66697273745F636F6C756D6E73223B733A323A223132223B733A33323A22616C7068615F726567696F6E5F666F6F7465725F66697273745F737566666978223B733A303A22223B733A33323A22616C7068615F726567696F6E5F666F6F7465725F66697273745F776569676874223B733A313A2231223B733A32393A22616C7068615F726567696F6E5F666F6F7465725F66697273745F637373223B733A303A22223B733A34393A22616C7068615F726567696F6E5F666F6F7465725F7365636F6E645F657175616C5F6865696768745F636F6E7461696E6572223B733A303A22223B733A34373A22616C7068615F726567696F6E5F666F6F7465725F7365636F6E645F657175616C5F6865696768745F656C656D656E74223B733A303A22223B733A33323A22616C7068615F726567696F6E5F666F6F7465725F7365636F6E645F666F726365223B733A303A22223B733A33313A22616C7068615F726567696F6E5F666F6F7465725F7365636F6E645F7A6F6E65223B733A363A22666F6F746572223B733A33333A22616C7068615F726567696F6E5F666F6F7465725F7365636F6E645F707265666978223B733A303A22223B733A33343A22616C7068615F726567696F6E5F666F6F7465725F7365636F6E645F636F6C756D6E73223B733A323A223132223B733A33333A22616C7068615F726567696F6E5F666F6F7465725F7365636F6E645F737566666978223B733A303A22223B733A33333A22616C7068615F726567696F6E5F666F6F7465725F7365636F6E645F776569676874223B733A313A2232223B733A33303A22616C7068615F726567696F6E5F666F6F7465725F7365636F6E645F637373223B733A303A22223B7D733A373A2276657273696F6E223B733A333A22312E30223B733A383A226665617475726573223B613A393A7B693A303B733A343A226C6F676F223B693A313B733A373A2266617669636F6E223B693A323B733A343A226E616D65223B693A333B733A363A22736C6F67616E223B693A343B733A31373A226E6F64655F757365725F70696374757265223B693A353B733A32303A22636F6D6D656E745F757365725F70696374757265223B693A363B733A32353A22636F6D6D656E745F757365725F766572696669636174696F6E223B693A373B733A393A226D61696E5F6D656E75223B693A383B733A31343A227365636F6E646172795F6D656E75223B7D733A333A22706870223B733A353A22352E322E34223B733A31313A227374796C65736865657473223B613A303A7B7D733A373A2273637269707473223B613A303A7B7D733A31353A226F7665726C61795F726567696F6E73223B613A353A7B693A303B733A31343A2264617368626F6172645F6D61696E223B693A313B733A31373A2264617368626F6172645F73696465626172223B693A323B733A31383A2264617368626F6172645F696E616374697665223B693A333B733A373A22636F6E74656E74223B693A343B733A343A2268656C70223B7D733A31343A22726567696F6E735F68696464656E223B613A323A7B693A303B733A383A22706167655F746F70223B693A313B733A31313A22706167655F626F74746F6D223B7D733A32383A226F7665726C61795F737570706C656D656E74616C5F726567696F6E73223B613A313A7B693A303B733A383A22706167655F746F70223B7D7D733A31313A22626173655F7468656D6573223B613A323A7B733A353A22616C706861223B733A353A22416C706861223B733A353A226F6D656761223B733A353A224F6D656761223B7D733A363A22707265666978223B733A31313A2270687074656D706C617465223B733A363A22656E67696E65223B733A31313A2270687074656D706C617465223B733A31303A22626173655F7468656D65223B733A353A226F6D656761223B7D7D' WHERE path = 'admin/appearance/settings/velaio';
UPDATE menu_router SET page_arguments = x'613A313A7B693A303B733A363A2276656C61696F223B7D' WHERE path = 'admin/structure/block';
UPDATE menu_router SET access_arguments = x'613A313A7B693A303B4F3A383A22737464436C617373223A31333A7B733A383A2266696C656E616D65223B733A33353A2273697465732F616C6C2F7468656D65732F76656C61696F2F76656C61696F2E696E666F223B733A343A226E616D65223B733A363A2276656C61696F223B733A343A2274797065223B733A353A227468656D65223B733A353A226F776E6572223B733A34353A227468656D65732F656E67696E65732F70687074656D706C6174652F70687074656D706C6174652E656E67696E65223B733A363A22737461747573223B733A313A2231223B733A393A22626F6F747374726170223B733A313A2230223B733A31343A22736368656D615F76657273696F6E223B733A323A222D31223B733A363A22776569676874223B733A313A2230223B733A343A22696E666F223B613A31383A7B733A343A226E616D65223B733A363A2276656C61696F223B733A31313A226465736372697074696F6E223B733A303A22223B733A343A22636F7265223B733A333A22372E78223B733A363A22656E67696E65223B733A31313A2270687074656D706C617465223B733A31303A2273637265656E73686F74223B733A33383A2273697465732F616C6C2F7468656D65732F76656C61696F2F73637265656E73686F742E706E67223B733A31303A2262617365207468656D65223B733A353A226F6D656761223B733A373A22726567696F6E73223B613A32333A7B733A383A22706167655F746F70223B733A383A225061676520546F70223B733A31313A22706167655F626F74746F6D223B733A31313A225061676520426F74746F6D223B733A373A22636F6E74656E74223B733A373A22436F6E74656E74223B733A31303A22757365725F6669727374223B733A31343A225573657220426172204669727374223B733A31313A22757365725F7365636F6E64223B733A31353A225573657220426172205365636F6E64223B733A383A226272616E64696E67223B733A383A224272616E64696E67223B733A343A226D656E75223B733A343A224D656E75223B733A31333A22736964656261725F6669727374223B733A31333A2253696465626172204669727374223B733A31343A22736964656261725F7365636F6E64223B733A31343A2253696465626172205365636F6E64223B733A31323A226865616465725F6669727374223B733A31323A22486561646572204669727374223B733A31333A226865616465725F7365636F6E64223B733A31333A22486561646572205365636F6E64223B733A31333A22707265666163655F6669727374223B733A31333A2250726566616365204669727374223B733A31343A22707265666163655F7365636F6E64223B733A31343A2250726566616365205365636F6E64223B733A31333A22707265666163655F7468697264223B733A31333A2250726566616365205468697264223B733A31363A22706F73747363726970745F6669727374223B733A31363A22506F7374736372697074204669727374223B733A31373A22706F73747363726970745F7365636F6E64223B733A31373A22506F7374736372697074205365636F6E64223B733A31363A22706F73747363726970745F7468697264223B733A31363A22506F7374736372697074205468697264223B733A31373A22706F73747363726970745F666F75727468223B733A31373A22506F737473637269707420466F75727468223B733A31323A22666F6F7465725F6669727374223B733A31323A22466F6F746572204669727374223B733A31333A22666F6F7465725F7365636F6E64223B733A31333A22466F6F746572205365636F6E64223B733A31343A2264617368626F6172645F6D61696E223B733A31363A2244617368626F61726420286D61696E29223B733A31373A2264617368626F6172645F73696465626172223B733A31393A2244617368626F61726420287369646562617229223B733A31383A2264617368626F6172645F696E616374697665223B733A32303A2244617368626F6172642028696E61637469766529223B7D733A353A227A6F6E6573223B613A383A7B733A363A22686561646572223B733A363A22486561646572223B733A373A22636F6E74656E74223B733A373A22436F6E74656E74223B733A363A22666F6F746572223B733A363A22466F6F746572223B733A343A2275736572223B733A343A2255736572223B733A383A226272616E64696E67223B733A383A224272616E64696E67223B733A343A226D656E75223B733A343A224D656E75223B733A373A2270726566616365223B733A373A2250726566616365223B733A31303A22706F7374736372697074223B733A31303A22506F7374736372697074223B7D733A333A22637373223B613A313A7B733A31303A22676C6F62616C2E637373223B613A333A7B733A343A226E616D65223B733A32353A22596F757220637573746F6D20676C6F62616C207374796C6573223B733A31313A226465736372697074696F6E223B733A36353A22546869732066696C6520686F6C647320616C6C2074686520676C6F62616C6C792061637469766520637573746F6D20435353206F6620796F7572207468656D652E223B733A373A226F7074696F6E73223B613A313A7B733A363A22776569676874223B733A323A223130223B7D7D7D733A383A2273657474696E6773223B613A3330313A7B733A31303A22616C7068615F67726964223B733A31333A22616C7068615F64656661756C74223B733A32373A22616C7068615F7072696D6172795F616C7068615F64656661756C74223B733A363A226E6F726D616C223B733A31363A22616C7068615F726573706F6E73697665223B733A313A2231223B733A33333A22616C7068615F6C61796F7574735F616C7068615F666C7569645F7072696D617279223B733A363A226E6F726D616C223B733A34333A22616C7068615F6C61796F7574735F616C7068615F666C7569645F6E6F726D616C5F726573706F6E73697665223B733A313A2230223B733A33383A22616C7068615F6C61796F7574735F616C7068615F666C7569645F6E6F726D616C5F6D65646961223B733A3133343A22616C6C20616E6420286D696E2D77696474683A2037343070782920616E6420286D696E2D6465766963652D77696474683A203734307078292C20286D61782D6465766963652D77696474683A2038303070782920616E6420286D696E2D77696474683A2037343070782920616E6420286F7269656E746174696F6E3A6C616E64736361706529223B733A33353A22616C7068615F6C61796F7574735F616C7068615F64656661756C745F7072696D617279223B733A363A226E6F726D616C223B733A34343A22616C7068615F6C61796F7574735F616C7068615F64656661756C745F666C7569645F726573706F6E73697665223B733A313A2230223B733A33393A22616C7068615F6C61796F7574735F616C7068615F64656661756C745F666C7569645F6D65646961223B733A3133343A22616C6C20616E6420286D696E2D77696474683A2037343070782920616E6420286D696E2D6465766963652D77696474683A203734307078292C20286D61782D6465766963652D77696474683A2038303070782920616E6420286D696E2D77696474683A2037343070782920616E6420286F7269656E746174696F6E3A6C616E64736361706529223B733A34303A22616C7068615F6C61796F7574735F616C7068615F64656661756C745F666C7569645F776569676874223B733A313A2230223B733A34353A22616C7068615F6C61796F7574735F616C7068615F64656661756C745F6E6172726F775F726573706F6E73697665223B733A313A2231223B733A34303A22616C7068615F6C61796F7574735F616C7068615F64656661756C745F6E6172726F775F6D65646961223B733A3133343A22616C6C20616E6420286D696E2D77696474683A2037343070782920616E6420286D696E2D6465766963652D77696474683A203734307078292C20286D61782D6465766963652D77696474683A2038303070782920616E6420286D696E2D77696474683A2037343070782920616E6420286F7269656E746174696F6E3A6C616E64736361706529223B733A34313A22616C7068615F6C61796F7574735F616C7068615F64656661756C745F6E6172726F775F776569676874223B733A313A2231223B733A34353A22616C7068615F6C61796F7574735F616C7068615F64656661756C745F6E6F726D616C5F726573706F6E73697665223B733A313A2231223B733A34303A22616C7068615F6C61796F7574735F616C7068615F64656661756C745F6E6F726D616C5F6D65646961223B733A3134343A22616C6C20616E6420286D696E2D77696474683A2039383070782920616E6420286D696E2D6465766963652D77696474683A203938307078292C20616C6C20616E6420286D61782D6465766963652D77696474683A203130323470782920616E6420286D696E2D77696474683A203130323470782920616E6420286F7269656E746174696F6E3A6C616E64736361706529223B733A34313A22616C7068615F6C61796F7574735F616C7068615F64656661756C745F6E6F726D616C5F776569676874223B733A313A2232223B733A34333A22616C7068615F6C61796F7574735F616C7068615F64656661756C745F776964655F726573706F6E73697665223B733A313A2231223B733A33383A22616C7068615F6C61796F7574735F616C7068615F64656661756C745F776964655F6D65646961223B733A32373A22616C6C20616E6420286D696E2D77696474683A2031323230707829223B733A33393A22616C7068615F6C61796F7574735F616C7068615F64656661756C745F776964655F776569676874223B733A313A2233223B733A31343A22616C7068615F76696577706F7274223B733A313A2231223B733A32383A22616C7068615F76696577706F72745F696E697469616C5F7363616C65223B733A313A2231223B733A32343A22616C7068615F76696577706F72745F6D696E5F7363616C65223B733A313A2231223B733A32343A22616C7068615F76696577706F72745F6D61785F7363616C65223B733A313A2231223B733A32393A22616C7068615F76696577706F72745F757365725F7363616C6561626C65223B733A303A22223B733A31353A22616C7068615F6C6962726172696573223B613A333A7B733A31353A226F6D6567615F666F726D616C697A65223B733A31353A226F6D6567615F666F726D616C697A65223B733A31383A226F6D6567615F657175616C68656967687473223B733A303A22223B733A31383A226F6D6567615F6D6564696171756572696573223B733A31383A226F6D6567615F6D6564696171756572696573223B7D733A393A22616C7068615F637373223B613A393A7B733A31353A22616C7068612D72657365742E637373223B733A31353A22616C7068612D72657365742E637373223B733A31363A22616C7068612D6D6F62696C652E637373223B733A31363A22616C7068612D6D6F62696C652E637373223B733A31353A22616C7068612D616C7068612E637373223B733A31353A22616C7068612D616C7068612E637373223B733A31343A226F6D6567612D746578742E637373223B733A31343A226F6D6567612D746578742E637373223B733A31383A226F6D6567612D6272616E64696E672E637373223B733A31383A226F6D6567612D6272616E64696E672E637373223B733A31343A226F6D6567612D6D656E752E637373223B733A31343A226F6D6567612D6D656E752E637373223B733A31353A226F6D6567612D666F726D732E637373223B733A31353A226F6D6567612D666F726D732E637373223B733A31373A226F6D6567612D76697375616C732E637373223B733A31373A226F6D6567612D76697375616C732E637373223B733A31303A22676C6F62616C2E637373223B733A31303A22676C6F62616C2E637373223B7D733A32343A22616C7068615F64656275675F626C6F636B5F746F67676C65223B733A313A2231223B733A32343A22616C7068615F64656275675F626C6F636B5F616374697665223B733A313A2231223B733A32333A22616C7068615F64656275675F677269645F746F67676C65223B733A313A2231223B733A32333A22616C7068615F64656275675F677269645F616374697665223B733A313A2231223B733A32323A22616C7068615F64656275675F677269645F726F6C6573223B613A333A7B693A313B733A313A2231223B693A323B733A313A2232223B693A333B733A313A2233223B7D733A32313A22616C7068615F746F67676C655F6D65737361676573223B733A313A2231223B733A32353A22616C7068615F746F67676C655F616374696F6E5F6C696E6B73223B733A313A2231223B733A31373A22616C7068615F746F67676C655F74616273223B733A313A2231223B733A32333A22616C7068615F746F67676C655F62726561646372756D62223B733A313A2231223B733A32333A22616C7068615F746F67676C655F706167655F7469746C65223B733A313A2231223B733A32333A22616C7068615F746F67676C655F666565645F69636F6E73223B733A313A2231223B733A31383A22616C7068615F68696464656E5F7469746C65223B733A303A22223B733A32323A22616C7068615F68696464656E5F736974655F6E616D65223B733A303A22223B733A32343A22616C7068615F68696464656E5F736974655F736C6F67616E223B733A303A22223B733A33383A22616C7068615F7A6F6E655F757365725F657175616C5F6865696768745F636F6E7461696E6572223B733A303A22223B733A32333A22616C7068615F7A6F6E655F757365725F77726170706572223B733A313A2231223B733A32313A22616C7068615F7A6F6E655F757365725F666F726365223B733A303A22223B733A32333A22616C7068615F7A6F6E655F757365725F73656374696F6E223B733A363A22686561646572223B733A32323A22616C7068615F7A6F6E655F757365725F776569676874223B733A313A2231223B733A32333A22616C7068615F7A6F6E655F757365725F636F6C756D6E73223B733A323A223132223B733A32333A22616C7068615F7A6F6E655F757365725F7072696D617279223B733A303A22223B733A31393A22616C7068615F7A6F6E655F757365725F637373223B733A303A22223B733A32373A22616C7068615F7A6F6E655F757365725F777261707065725F637373223B733A303A22223B733A34323A22616C7068615F7A6F6E655F6272616E64696E675F657175616C5F6865696768745F636F6E7461696E6572223B733A303A22223B733A32373A22616C7068615F7A6F6E655F6272616E64696E675F77726170706572223B733A313A2231223B733A32353A22616C7068615F7A6F6E655F6272616E64696E675F666F726365223B733A303A22223B733A32373A22616C7068615F7A6F6E655F6272616E64696E675F73656374696F6E223B733A363A22686561646572223B733A32363A22616C7068615F7A6F6E655F6272616E64696E675F776569676874223B733A313A2232223B733A32373A22616C7068615F7A6F6E655F6272616E64696E675F636F6C756D6E73223B733A323A223132223B733A32373A22616C7068615F7A6F6E655F6272616E64696E675F7072696D617279223B733A303A22223B733A32333A22616C7068615F7A6F6E655F6272616E64696E675F637373223B733A303A22223B733A33313A22616C7068615F7A6F6E655F6272616E64696E675F777261707065725F637373223B733A303A22223B733A33383A22616C7068615F7A6F6E655F6D656E755F657175616C5F6865696768745F636F6E7461696E6572223B733A303A22223B733A32333A22616C7068615F7A6F6E655F6D656E755F77726170706572223B733A313A2231223B733A32313A22616C7068615F7A6F6E655F6D656E755F666F726365223B733A303A22223B733A32333A22616C7068615F7A6F6E655F6D656E755F73656374696F6E223B733A363A22686561646572223B733A32323A22616C7068615F7A6F6E655F6D656E755F776569676874223B733A313A2233223B733A32333A22616C7068615F7A6F6E655F6D656E755F636F6C756D6E73223B733A323A223132223B733A32333A22616C7068615F7A6F6E655F6D656E755F7072696D617279223B733A303A22223B733A31393A22616C7068615F7A6F6E655F6D656E755F637373223B733A303A22223B733A32373A22616C7068615F7A6F6E655F6D656E755F777261707065725F637373223B733A303A22223B733A34303A22616C7068615F7A6F6E655F6865616465725F657175616C5F6865696768745F636F6E7461696E6572223B733A303A22223B733A32353A22616C7068615F7A6F6E655F6865616465725F77726170706572223B733A313A2231223B733A32333A22616C7068615F7A6F6E655F6865616465725F666F726365223B733A303A22223B733A32353A22616C7068615F7A6F6E655F6865616465725F73656374696F6E223B733A363A22686561646572223B733A32343A22616C7068615F7A6F6E655F6865616465725F776569676874223B733A313A2234223B733A32353A22616C7068615F7A6F6E655F6865616465725F636F6C756D6E73223B733A323A223132223B733A32353A22616C7068615F7A6F6E655F6865616465725F7072696D617279223B733A303A22223B733A32313A22616C7068615F7A6F6E655F6865616465725F637373223B733A303A22223B733A32393A22616C7068615F7A6F6E655F6865616465725F777261707065725F637373223B733A303A22223B733A34313A22616C7068615F7A6F6E655F707265666163655F657175616C5F6865696768745F636F6E7461696E6572223B733A303A22223B733A32363A22616C7068615F7A6F6E655F707265666163655F77726170706572223B733A313A2231223B733A32343A22616C7068615F7A6F6E655F707265666163655F666F726365223B733A303A22223B733A32363A22616C7068615F7A6F6E655F707265666163655F73656374696F6E223B733A373A22636F6E74656E74223B733A32353A22616C7068615F7A6F6E655F707265666163655F776569676874223B733A313A2231223B733A32363A22616C7068615F7A6F6E655F707265666163655F636F6C756D6E73223B733A323A223132223B733A32363A22616C7068615F7A6F6E655F707265666163655F7072696D617279223B733A303A22223B733A32323A22616C7068615F7A6F6E655F707265666163655F637373223B733A303A22223B733A33303A22616C7068615F7A6F6E655F707265666163655F777261707065725F637373223B733A303A22223B733A34313A22616C7068615F7A6F6E655F636F6E74656E745F657175616C5F6865696768745F636F6E7461696E6572223B733A303A22223B733A32363A22616C7068615F7A6F6E655F636F6E74656E745F77726170706572223B733A313A2231223B733A32343A22616C7068615F7A6F6E655F636F6E74656E745F666F726365223B733A313A2231223B733A32363A22616C7068615F7A6F6E655F636F6E74656E745F73656374696F6E223B733A373A22636F6E74656E74223B733A32353A22616C7068615F7A6F6E655F636F6E74656E745F776569676874223B733A313A2232223B733A32363A22616C7068615F7A6F6E655F636F6E74656E745F636F6C756D6E73223B733A323A223132223B733A32363A22616C7068615F7A6F6E655F636F6E74656E745F7072696D617279223B733A373A22636F6E74656E74223B733A32323A22616C7068615F7A6F6E655F636F6E74656E745F637373223B733A303A22223B733A33303A22616C7068615F7A6F6E655F636F6E74656E745F777261707065725F637373223B733A303A22223B733A34343A22616C7068615F7A6F6E655F706F73747363726970745F657175616C5F6865696768745F636F6E7461696E6572223B733A303A22223B733A32393A22616C7068615F7A6F6E655F706F73747363726970745F77726170706572223B733A313A2231223B733A32373A22616C7068615F7A6F6E655F706F73747363726970745F666F726365223B733A303A22223B733A32393A22616C7068615F7A6F6E655F706F73747363726970745F73656374696F6E223B733A373A22636F6E74656E74223B733A32383A22616C7068615F7A6F6E655F706F73747363726970745F776569676874223B733A313A2233223B733A32393A22616C7068615F7A6F6E655F706F73747363726970745F636F6C756D6E73223B733A323A223132223B733A32393A22616C7068615F7A6F6E655F706F73747363726970745F7072696D617279223B733A303A22223B733A32353A22616C7068615F7A6F6E655F706F73747363726970745F637373223B733A303A22223B733A33333A22616C7068615F7A6F6E655F706F73747363726970745F777261707065725F637373223B733A303A22223B733A34303A22616C7068615F7A6F6E655F666F6F7465725F657175616C5F6865696768745F636F6E7461696E6572223B733A303A22223B733A32353A22616C7068615F7A6F6E655F666F6F7465725F77726170706572223B733A313A2231223B733A32333A22616C7068615F7A6F6E655F666F6F7465725F666F726365223B733A303A22223B733A32353A22616C7068615F7A6F6E655F666F6F7465725F73656374696F6E223B733A363A22666F6F746572223B733A32343A22616C7068615F7A6F6E655F666F6F7465725F776569676874223B733A313A2231223B733A32353A22616C7068615F7A6F6E655F666F6F7465725F636F6C756D6E73223B733A323A223132223B733A32353A22616C7068615F7A6F6E655F666F6F7465725F7072696D617279223B733A303A22223B733A32313A22616C7068615F7A6F6E655F666F6F7465725F637373223B733A303A22223B733A32393A22616C7068615F7A6F6E655F666F6F7465725F777261707065725F637373223B733A303A22223B733A35333A22616C7068615F726567696F6E5F64617368626F6172645F736964656261725F657175616C5F6865696768745F636F6E7461696E6572223B733A303A22223B733A35313A22616C7068615F726567696F6E5F64617368626F6172645F736964656261725F657175616C5F6865696768745F656C656D656E74223B733A303A22223B733A33363A22616C7068615F726567696F6E5F64617368626F6172645F736964656261725F666F726365223B733A303A22223B733A33353A22616C7068615F726567696F6E5F64617368626F6172645F736964656261725F7A6F6E65223B733A303A22223B733A33373A22616C7068615F726567696F6E5F64617368626F6172645F736964656261725F707265666978223B733A303A22223B733A33383A22616C7068615F726567696F6E5F64617368626F6172645F736964656261725F636F6C756D6E73223B733A313A2231223B733A33373A22616C7068615F726567696F6E5F64617368626F6172645F736964656261725F737566666978223B733A303A22223B733A33373A22616C7068615F726567696F6E5F64617368626F6172645F736964656261725F776569676874223B733A333A222D3530223B733A33343A22616C7068615F726567696F6E5F64617368626F6172645F736964656261725F637373223B733A303A22223B733A35343A22616C7068615F726567696F6E5F64617368626F6172645F696E6163746976655F657175616C5F6865696768745F636F6E7461696E6572223B733A303A22223B733A35323A22616C7068615F726567696F6E5F64617368626F6172645F696E6163746976655F657175616C5F6865696768745F656C656D656E74223B733A303A22223B733A33373A22616C7068615F726567696F6E5F64617368626F6172645F696E6163746976655F666F726365223B733A303A22223B733A33363A22616C7068615F726567696F6E5F64617368626F6172645F696E6163746976655F7A6F6E65223B733A303A22223B733A33383A22616C7068615F726567696F6E5F64617368626F6172645F696E6163746976655F707265666978223B733A303A22223B733A33393A22616C7068615F726567696F6E5F64617368626F6172645F696E6163746976655F636F6C756D6E73223B733A313A2231223B733A33383A22616C7068615F726567696F6E5F64617368626F6172645F696E6163746976655F737566666978223B733A303A22223B733A33383A22616C7068615F726567696F6E5F64617368626F6172645F696E6163746976655F776569676874223B733A333A222D3530223B733A33353A22616C7068615F726567696F6E5F64617368626F6172645F696E6163746976655F637373223B733A303A22223B733A35303A22616C7068615F726567696F6E5F64617368626F6172645F6D61696E5F657175616C5F6865696768745F636F6E7461696E6572223B733A303A22223B733A34383A22616C7068615F726567696F6E5F64617368626F6172645F6D61696E5F657175616C5F6865696768745F656C656D656E74223B733A303A22223B733A33333A22616C7068615F726567696F6E5F64617368626F6172645F6D61696E5F666F726365223B733A303A22223B733A33323A22616C7068615F726567696F6E5F64617368626F6172645F6D61696E5F7A6F6E65223B733A303A22223B733A33343A22616C7068615F726567696F6E5F64617368626F6172645F6D61696E5F707265666978223B733A303A22223B733A33353A22616C7068615F726567696F6E5F64617368626F6172645F6D61696E5F636F6C756D6E73223B733A313A2231223B733A33343A22616C7068615F726567696F6E5F64617368626F6172645F6D61696E5F737566666978223B733A303A22223B733A33343A22616C7068615F726567696F6E5F64617368626F6172645F6D61696E5F776569676874223B733A333A222D3530223B733A33313A22616C7068615F726567696F6E5F64617368626F6172645F6D61696E5F637373223B733A303A22223B733A34363A22616C7068615F726567696F6E5F757365725F66697273745F657175616C5F6865696768745F636F6E7461696E6572223B733A303A22223B733A34343A22616C7068615F726567696F6E5F757365725F66697273745F657175616C5F6865696768745F656C656D656E74223B733A303A22223B733A32393A22616C7068615F726567696F6E5F757365725F66697273745F666F726365223B733A303A22223B733A32383A22616C7068615F726567696F6E5F757365725F66697273745F7A6F6E65223B733A343A2275736572223B733A33303A22616C7068615F726567696F6E5F757365725F66697273745F707265666978223B733A303A22223B733A33313A22616C7068615F726567696F6E5F757365725F66697273745F636F6C756D6E73223B733A313A2238223B733A33303A22616C7068615F726567696F6E5F757365725F66697273745F737566666978223B733A303A22223B733A33303A22616C7068615F726567696F6E5F757365725F66697273745F776569676874223B733A313A2231223B733A32373A22616C7068615F726567696F6E5F757365725F66697273745F637373223B733A303A22223B733A34373A22616C7068615F726567696F6E5F757365725F7365636F6E645F657175616C5F6865696768745F636F6E7461696E6572223B733A303A22223B733A34353A22616C7068615F726567696F6E5F757365725F7365636F6E645F657175616C5F6865696768745F656C656D656E74223B733A303A22223B733A33303A22616C7068615F726567696F6E5F757365725F7365636F6E645F666F726365223B733A303A22223B733A32393A22616C7068615F726567696F6E5F757365725F7365636F6E645F7A6F6E65223B733A343A2275736572223B733A33313A22616C7068615F726567696F6E5F757365725F7365636F6E645F707265666978223B733A303A22223B733A33323A22616C7068615F726567696F6E5F757365725F7365636F6E645F636F6C756D6E73223B733A313A2234223B733A33313A22616C7068615F726567696F6E5F757365725F7365636F6E645F737566666978223B733A303A22223B733A33313A22616C7068615F726567696F6E5F757365725F7365636F6E645F776569676874223B733A313A2232223B733A32383A22616C7068615F726567696F6E5F757365725F7365636F6E645F637373223B733A303A22223B733A34343A22616C7068615F726567696F6E5F6272616E64696E675F657175616C5F6865696768745F636F6E7461696E6572223B733A303A22223B733A34323A22616C7068615F726567696F6E5F6272616E64696E675F657175616C5F6865696768745F656C656D656E74223B733A303A22223B733A32373A22616C7068615F726567696F6E5F6272616E64696E675F666F726365223B733A313A2231223B733A32363A22616C7068615F726567696F6E5F6272616E64696E675F7A6F6E65223B733A383A226272616E64696E67223B733A32383A22616C7068615F726567696F6E5F6272616E64696E675F707265666978223B733A303A22223B733A32393A22616C7068615F726567696F6E5F6272616E64696E675F636F6C756D6E73223B733A323A223132223B733A32383A22616C7068615F726567696F6E5F6272616E64696E675F737566666978223B733A303A22223B733A32383A22616C7068615F726567696F6E5F6272616E64696E675F776569676874223B733A313A2231223B733A32353A22616C7068615F726567696F6E5F6272616E64696E675F637373223B733A303A22223B733A34303A22616C7068615F726567696F6E5F6D656E755F657175616C5F6865696768745F636F6E7461696E6572223B733A303A22223B733A33383A22616C7068615F726567696F6E5F6D656E755F657175616C5F6865696768745F656C656D656E74223B733A303A22223B733A32333A22616C7068615F726567696F6E5F6D656E755F666F726365223B733A313A2231223B733A32323A22616C7068615F726567696F6E5F6D656E755F7A6F6E65223B733A343A226D656E75223B733A32343A22616C7068615F726567696F6E5F6D656E755F707265666978223B733A303A22223B733A32353A22616C7068615F726567696F6E5F6D656E755F636F6C756D6E73223B733A323A223132223B733A32343A22616C7068615F726567696F6E5F6D656E755F737566666978223B733A303A22223B733A32343A22616C7068615F726567696F6E5F6D656E755F776569676874223B733A313A2231223B733A32313A22616C7068615F726567696F6E5F6D656E755F637373223B733A303A22223B733A34383A22616C7068615F726567696F6E5F6865616465725F66697273745F657175616C5F6865696768745F636F6E7461696E6572223B733A303A22223B733A34363A22616C7068615F726567696F6E5F6865616465725F66697273745F657175616C5F6865696768745F656C656D656E74223B733A303A22223B733A33313A22616C7068615F726567696F6E5F6865616465725F66697273745F666F726365223B733A303A22223B733A33303A22616C7068615F726567696F6E5F6865616465725F66697273745F7A6F6E65223B733A363A22686561646572223B733A33323A22616C7068615F726567696F6E5F6865616465725F66697273745F707265666978223B733A303A22223B733A33333A22616C7068615F726567696F6E5F6865616465725F66697273745F636F6C756D6E73223B733A313A2236223B733A33323A22616C7068615F726567696F6E5F6865616465725F66697273745F737566666978223B733A303A22223B733A33323A22616C7068615F726567696F6E5F6865616465725F66697273745F776569676874223B733A313A2231223B733A32393A22616C7068615F726567696F6E5F6865616465725F66697273745F637373223B733A303A22223B733A34393A22616C7068615F726567696F6E5F6865616465725F7365636F6E645F657175616C5F6865696768745F636F6E7461696E6572223B733A303A22223B733A34373A22616C7068615F726567696F6E5F6865616465725F7365636F6E645F657175616C5F6865696768745F656C656D656E74223B733A303A22223B733A33323A22616C7068615F726567696F6E5F6865616465725F7365636F6E645F666F726365223B733A303A22223B733A33313A22616C7068615F726567696F6E5F6865616465725F7365636F6E645F7A6F6E65223B733A363A22686561646572223B733A33333A22616C7068615F726567696F6E5F6865616465725F7365636F6E645F707265666978223B733A303A22223B733A33343A22616C7068615F726567696F6E5F6865616465725F7365636F6E645F636F6C756D6E73223B733A313A2236223B733A33333A22616C7068615F726567696F6E5F6865616465725F7365636F6E645F737566666978223B733A303A22223B733A33333A22616C7068615F726567696F6E5F6865616465725F7365636F6E645F776569676874223B733A313A2232223B733A33303A22616C7068615F726567696F6E5F6865616465725F7365636F6E645F637373223B733A303A22223B733A34393A22616C7068615F726567696F6E5F707265666163655F66697273745F657175616C5F6865696768745F636F6E7461696E6572223B733A303A22223B733A34373A22616C7068615F726567696F6E5F707265666163655F66697273745F657175616C5F6865696768745F656C656D656E74223B733A303A22223B733A33323A22616C7068615F726567696F6E5F707265666163655F66697273745F666F726365223B733A303A22223B733A33313A22616C7068615F726567696F6E5F707265666163655F66697273745F7A6F6E65223B733A373A2270726566616365223B733A33333A22616C7068615F726567696F6E5F707265666163655F66697273745F707265666978223B733A303A22223B733A33343A22616C7068615F726567696F6E5F707265666163655F66697273745F636F6C756D6E73223B733A313A2234223B733A33333A22616C7068615F726567696F6E5F707265666163655F66697273745F737566666978223B733A303A22223B733A33333A22616C7068615F726567696F6E5F707265666163655F66697273745F776569676874223B733A313A2231223B733A33303A22616C7068615F726567696F6E5F707265666163655F66697273745F637373223B733A303A22223B733A35303A22616C7068615F726567696F6E5F707265666163655F7365636F6E645F657175616C5F6865696768745F636F6E7461696E6572223B733A303A22223B733A34383A22616C7068615F726567696F6E5F707265666163655F7365636F6E645F657175616C5F6865696768745F656C656D656E74223B733A303A22223B733A33333A22616C7068615F726567696F6E5F707265666163655F7365636F6E645F666F726365223B733A303A22223B733A33323A22616C7068615F726567696F6E5F707265666163655F7365636F6E645F7A6F6E65223B733A373A2270726566616365223B733A33343A22616C7068615F726567696F6E5F707265666163655F7365636F6E645F707265666978223B733A303A22223B733A33353A22616C7068615F726567696F6E5F707265666163655F7365636F6E645F636F6C756D6E73223B733A313A2234223B733A33343A22616C7068615F726567696F6E5F707265666163655F7365636F6E645F737566666978223B733A303A22223B733A33343A22616C7068615F726567696F6E5F707265666163655F7365636F6E645F776569676874223B733A313A2232223B733A33313A22616C7068615F726567696F6E5F707265666163655F7365636F6E645F637373223B733A303A22223B733A34393A22616C7068615F726567696F6E5F707265666163655F74686972645F657175616C5F6865696768745F636F6E7461696E6572223B733A303A22223B733A34373A22616C7068615F726567696F6E5F707265666163655F74686972645F657175616C5F6865696768745F656C656D656E74223B733A303A22223B733A33323A22616C7068615F726567696F6E5F707265666163655F74686972645F666F726365223B733A303A22223B733A33313A22616C7068615F726567696F6E5F707265666163655F74686972645F7A6F6E65223B733A373A2270726566616365223B733A33333A22616C7068615F726567696F6E5F707265666163655F74686972645F707265666978223B733A303A22223B733A33343A22616C7068615F726567696F6E5F707265666163655F74686972645F636F6C756D6E73223B733A313A2234223B733A33333A22616C7068615F726567696F6E5F707265666163655F74686972645F737566666978223B733A303A22223B733A33333A22616C7068615F726567696F6E5F707265666163655F74686972645F776569676874223B733A313A2233223B733A33303A22616C7068615F726567696F6E5F707265666163655F74686972645F637373223B733A303A22223B733A34333A22616C7068615F726567696F6E5F636F6E74656E745F657175616C5F6865696768745F636F6E7461696E6572223B733A303A22223B733A34313A22616C7068615F726567696F6E5F636F6E74656E745F657175616C5F6865696768745F656C656D656E74223B733A303A22223B733A32363A22616C7068615F726567696F6E5F636F6E74656E745F666F726365223B733A303A22223B733A32353A22616C7068615F726567696F6E5F636F6E74656E745F7A6F6E65223B733A373A22636F6E74656E74223B733A32373A22616C7068615F726567696F6E5F636F6E74656E745F707265666978223B733A303A22223B733A32383A22616C7068615F726567696F6E5F636F6E74656E745F636F6C756D6E73223B733A313A2236223B733A32373A22616C7068615F726567696F6E5F636F6E74656E745F737566666978223B733A303A22223B733A32373A22616C7068615F726567696F6E5F636F6E74656E745F776569676874223B733A313A2232223B733A32343A22616C7068615F726567696F6E5F636F6E74656E745F637373223B733A303A22223B733A34393A22616C7068615F726567696F6E5F736964656261725F66697273745F657175616C5F6865696768745F636F6E7461696E6572223B733A303A22223B733A34373A22616C7068615F726567696F6E5F736964656261725F66697273745F657175616C5F6865696768745F656C656D656E74223B733A303A22223B733A33323A22616C7068615F726567696F6E5F736964656261725F66697273745F666F726365223B733A303A22223B733A33313A22616C7068615F726567696F6E5F736964656261725F66697273745F7A6F6E65223B733A373A22636F6E74656E74223B733A33333A22616C7068615F726567696F6E5F736964656261725F66697273745F707265666978223B733A303A22223B733A33343A22616C7068615F726567696F6E5F736964656261725F66697273745F636F6C756D6E73223B733A313A2233223B733A33333A22616C7068615F726567696F6E5F736964656261725F66697273745F737566666978223B733A303A22223B733A33333A22616C7068615F726567696F6E5F736964656261725F66697273745F776569676874223B733A313A2231223B733A33303A22616C7068615F726567696F6E5F736964656261725F66697273745F637373223B733A303A22223B733A35303A22616C7068615F726567696F6E5F736964656261725F7365636F6E645F657175616C5F6865696768745F636F6E7461696E6572223B733A303A22223B733A34383A22616C7068615F726567696F6E5F736964656261725F7365636F6E645F657175616C5F6865696768745F656C656D656E74223B733A303A22223B733A33333A22616C7068615F726567696F6E5F736964656261725F7365636F6E645F666F726365223B733A303A22223B733A33323A22616C7068615F726567696F6E5F736964656261725F7365636F6E645F7A6F6E65223B733A373A22636F6E74656E74223B733A33343A22616C7068615F726567696F6E5F736964656261725F7365636F6E645F707265666978223B733A303A22223B733A33353A22616C7068615F726567696F6E5F736964656261725F7365636F6E645F636F6C756D6E73223B733A313A2233223B733A33343A22616C7068615F726567696F6E5F736964656261725F7365636F6E645F737566666978223B733A303A22223B733A33343A22616C7068615F726567696F6E5F736964656261725F7365636F6E645F776569676874223B733A313A2233223B733A33313A22616C7068615F726567696F6E5F736964656261725F7365636F6E645F637373223B733A303A22223B733A35323A22616C7068615F726567696F6E5F706F73747363726970745F66697273745F657175616C5F6865696768745F636F6E7461696E6572223B733A303A22223B733A35303A22616C7068615F726567696F6E5F706F73747363726970745F66697273745F657175616C5F6865696768745F656C656D656E74223B733A303A22223B733A33353A22616C7068615F726567696F6E5F706F73747363726970745F66697273745F666F726365223B733A303A22223B733A33343A22616C7068615F726567696F6E5F706F73747363726970745F66697273745F7A6F6E65223B733A31303A22706F7374736372697074223B733A33363A22616C7068615F726567696F6E5F706F73747363726970745F66697273745F707265666978223B733A303A22223B733A33373A22616C7068615F726567696F6E5F706F73747363726970745F66697273745F636F6C756D6E73223B733A313A2233223B733A33363A22616C7068615F726567696F6E5F706F73747363726970745F66697273745F737566666978223B733A303A22223B733A33363A22616C7068615F726567696F6E5F706F73747363726970745F66697273745F776569676874223B733A313A2231223B733A33333A22616C7068615F726567696F6E5F706F73747363726970745F66697273745F637373223B733A303A22223B733A35333A22616C7068615F726567696F6E5F706F73747363726970745F7365636F6E645F657175616C5F6865696768745F636F6E7461696E6572223B733A303A22223B733A35313A22616C7068615F726567696F6E5F706F73747363726970745F7365636F6E645F657175616C5F6865696768745F656C656D656E74223B733A303A22223B733A33363A22616C7068615F726567696F6E5F706F73747363726970745F7365636F6E645F666F726365223B733A303A22223B733A33353A22616C7068615F726567696F6E5F706F73747363726970745F7365636F6E645F7A6F6E65223B733A31303A22706F7374736372697074223B733A33373A22616C7068615F726567696F6E5F706F73747363726970745F7365636F6E645F707265666978223B733A303A22223B733A33383A22616C7068615F726567696F6E5F706F73747363726970745F7365636F6E645F636F6C756D6E73223B733A313A2233223B733A33373A22616C7068615F726567696F6E5F706F73747363726970745F7365636F6E645F737566666978223B733A303A22223B733A33373A22616C7068615F726567696F6E5F706F73747363726970745F7365636F6E645F776569676874223B733A313A2232223B733A33343A22616C7068615F726567696F6E5F706F73747363726970745F7365636F6E645F637373223B733A303A22223B733A35323A22616C7068615F726567696F6E5F706F73747363726970745F74686972645F657175616C5F6865696768745F636F6E7461696E6572223B733A303A22223B733A35303A22616C7068615F726567696F6E5F706F73747363726970745F74686972645F657175616C5F6865696768745F656C656D656E74223B733A303A22223B733A33353A22616C7068615F726567696F6E5F706F73747363726970745F74686972645F666F726365223B733A303A22223B733A33343A22616C7068615F726567696F6E5F706F73747363726970745F74686972645F7A6F6E65223B733A31303A22706F7374736372697074223B733A33363A22616C7068615F726567696F6E5F706F73747363726970745F74686972645F707265666978223B733A303A22223B733A33373A22616C7068615F726567696F6E5F706F73747363726970745F74686972645F636F6C756D6E73223B733A313A2233223B733A33363A22616C7068615F726567696F6E5F706F73747363726970745F74686972645F737566666978223B733A303A22223B733A33363A22616C7068615F726567696F6E5F706F73747363726970745F74686972645F776569676874223B733A313A2233223B733A33333A22616C7068615F726567696F6E5F706F73747363726970745F74686972645F637373223B733A303A22223B733A35333A22616C7068615F726567696F6E5F706F73747363726970745F666F757274685F657175616C5F6865696768745F636F6E7461696E6572223B733A303A22223B733A35313A22616C7068615F726567696F6E5F706F73747363726970745F666F757274685F657175616C5F6865696768745F656C656D656E74223B733A303A22223B733A33363A22616C7068615F726567696F6E5F706F73747363726970745F666F757274685F666F726365223B733A303A22223B733A33353A22616C7068615F726567696F6E5F706F73747363726970745F666F757274685F7A6F6E65223B733A31303A22706F7374736372697074223B733A33373A22616C7068615F726567696F6E5F706F73747363726970745F666F757274685F707265666978223B733A303A22223B733A33383A22616C7068615F726567696F6E5F706F73747363726970745F666F757274685F636F6C756D6E73223B733A313A2233223B733A33373A22616C7068615F726567696F6E5F706F73747363726970745F666F757274685F737566666978223B733A303A22223B733A33373A22616C7068615F726567696F6E5F706F73747363726970745F666F757274685F776569676874223B733A313A2234223B733A33343A22616C7068615F726567696F6E5F706F73747363726970745F666F757274685F637373223B733A303A22223B733A34383A22616C7068615F726567696F6E5F666F6F7465725F66697273745F657175616C5F6865696768745F636F6E7461696E6572223B733A303A22223B733A34363A22616C7068615F726567696F6E5F666F6F7465725F66697273745F657175616C5F6865696768745F656C656D656E74223B733A303A22223B733A33313A22616C7068615F726567696F6E5F666F6F7465725F66697273745F666F726365223B733A303A22223B733A33303A22616C7068615F726567696F6E5F666F6F7465725F66697273745F7A6F6E65223B733A363A22666F6F746572223B733A33323A22616C7068615F726567696F6E5F666F6F7465725F66697273745F707265666978223B733A303A22223B733A33333A22616C7068615F726567696F6E5F666F6F7465725F66697273745F636F6C756D6E73223B733A323A223132223B733A33323A22616C7068615F726567696F6E5F666F6F7465725F66697273745F737566666978223B733A303A22223B733A33323A22616C7068615F726567696F6E5F666F6F7465725F66697273745F776569676874223B733A313A2231223B733A32393A22616C7068615F726567696F6E5F666F6F7465725F66697273745F637373223B733A303A22223B733A34393A22616C7068615F726567696F6E5F666F6F7465725F7365636F6E645F657175616C5F6865696768745F636F6E7461696E6572223B733A303A22223B733A34373A22616C7068615F726567696F6E5F666F6F7465725F7365636F6E645F657175616C5F6865696768745F656C656D656E74223B733A303A22223B733A33323A22616C7068615F726567696F6E5F666F6F7465725F7365636F6E645F666F726365223B733A303A22223B733A33313A22616C7068615F726567696F6E5F666F6F7465725F7365636F6E645F7A6F6E65223B733A363A22666F6F746572223B733A33333A22616C7068615F726567696F6E5F666F6F7465725F7365636F6E645F707265666978223B733A303A22223B733A33343A22616C7068615F726567696F6E5F666F6F7465725F7365636F6E645F636F6C756D6E73223B733A323A223132223B733A33333A22616C7068615F726567696F6E5F666F6F7465725F7365636F6E645F737566666978223B733A303A22223B733A33333A22616C7068615F726567696F6E5F666F6F7465725F7365636F6E645F776569676874223B733A313A2232223B733A33303A22616C7068615F726567696F6E5F666F6F7465725F7365636F6E645F637373223B733A303A22223B7D733A373A2276657273696F6E223B733A333A22312E30223B733A383A226665617475726573223B613A393A7B693A303B733A343A226C6F676F223B693A313B733A373A2266617669636F6E223B693A323B733A343A226E616D65223B693A333B733A363A22736C6F67616E223B693A343B733A31373A226E6F64655F757365725F70696374757265223B693A353B733A32303A22636F6D6D656E745F757365725F70696374757265223B693A363B733A32353A22636F6D6D656E745F757365725F766572696669636174696F6E223B693A373B733A393A226D61696E5F6D656E75223B693A383B733A31343A227365636F6E646172795F6D656E75223B7D733A333A22706870223B733A353A22352E322E34223B733A31313A227374796C65736865657473223B613A303A7B7D733A373A2273637269707473223B613A303A7B7D733A31353A226F7665726C61795F726567696F6E73223B613A353A7B693A303B733A31343A2264617368626F6172645F6D61696E223B693A313B733A31373A2264617368626F6172645F73696465626172223B693A323B733A31383A2264617368626F6172645F696E616374697665223B693A333B733A373A22636F6E74656E74223B693A343B733A343A2268656C70223B7D733A31343A22726567696F6E735F68696464656E223B613A323A7B693A303B733A383A22706167655F746F70223B693A313B733A31313A22706167655F626F74746F6D223B7D733A32383A226F7665726C61795F737570706C656D656E74616C5F726567696F6E73223B613A313A7B693A303B733A383A22706167655F746F70223B7D7D733A31313A22626173655F7468656D6573223B613A323A7B733A353A22616C706861223B733A353A22416C706861223B733A353A226F6D656761223B733A353A224F6D656761223B7D733A363A22707265666978223B733A31313A2270687074656D706C617465223B733A363A22656E67696E65223B733A31313A2270687074656D706C617465223B733A31303A22626173655F7468656D65223B733A353A226F6D656761223B7D7D' WHERE path = 'admin/structure/block/demo/velaio';
UPDATE menu_router SET type = 132, weight = 0 WHERE path = 'admin/structure/block/list/bartik';
UPDATE menu_router SET access_arguments = x'613A313A7B693A303B4F3A383A22737464436C617373223A31333A7B733A383A2266696C656E616D65223B733A33353A2273697465732F616C6C2F7468656D65732F76656C61696F2F76656C61696F2E696E666F223B733A343A226E616D65223B733A363A2276656C61696F223B733A343A2274797065223B733A353A227468656D65223B733A353A226F776E6572223B733A34353A227468656D65732F656E67696E65732F70687074656D706C6174652F70687074656D706C6174652E656E67696E65223B733A363A22737461747573223B733A313A2231223B733A393A22626F6F747374726170223B733A313A2230223B733A31343A22736368656D615F76657273696F6E223B733A323A222D31223B733A363A22776569676874223B733A313A2230223B733A343A22696E666F223B613A31383A7B733A343A226E616D65223B733A363A2276656C61696F223B733A31313A226465736372697074696F6E223B733A303A22223B733A343A22636F7265223B733A333A22372E78223B733A363A22656E67696E65223B733A31313A2270687074656D706C617465223B733A31303A2273637265656E73686F74223B733A33383A2273697465732F616C6C2F7468656D65732F76656C61696F2F73637265656E73686F742E706E67223B733A31303A2262617365207468656D65223B733A353A226F6D656761223B733A373A22726567696F6E73223B613A32333A7B733A383A22706167655F746F70223B733A383A225061676520546F70223B733A31313A22706167655F626F74746F6D223B733A31313A225061676520426F74746F6D223B733A373A22636F6E74656E74223B733A373A22436F6E74656E74223B733A31303A22757365725F6669727374223B733A31343A225573657220426172204669727374223B733A31313A22757365725F7365636F6E64223B733A31353A225573657220426172205365636F6E64223B733A383A226272616E64696E67223B733A383A224272616E64696E67223B733A343A226D656E75223B733A343A224D656E75223B733A31333A22736964656261725F6669727374223B733A31333A2253696465626172204669727374223B733A31343A22736964656261725F7365636F6E64223B733A31343A2253696465626172205365636F6E64223B733A31323A226865616465725F6669727374223B733A31323A22486561646572204669727374223B733A31333A226865616465725F7365636F6E64223B733A31333A22486561646572205365636F6E64223B733A31333A22707265666163655F6669727374223B733A31333A2250726566616365204669727374223B733A31343A22707265666163655F7365636F6E64223B733A31343A2250726566616365205365636F6E64223B733A31333A22707265666163655F7468697264223B733A31333A2250726566616365205468697264223B733A31363A22706F73747363726970745F6669727374223B733A31363A22506F7374736372697074204669727374223B733A31373A22706F73747363726970745F7365636F6E64223B733A31373A22506F7374736372697074205365636F6E64223B733A31363A22706F73747363726970745F7468697264223B733A31363A22506F7374736372697074205468697264223B733A31373A22706F73747363726970745F666F75727468223B733A31373A22506F737473637269707420466F75727468223B733A31323A22666F6F7465725F6669727374223B733A31323A22466F6F746572204669727374223B733A31333A22666F6F7465725F7365636F6E64223B733A31333A22466F6F746572205365636F6E64223B733A31343A2264617368626F6172645F6D61696E223B733A31363A2244617368626F61726420286D61696E29223B733A31373A2264617368626F6172645F73696465626172223B733A31393A2244617368626F61726420287369646562617229223B733A31383A2264617368626F6172645F696E616374697665223B733A32303A2244617368626F6172642028696E61637469766529223B7D733A353A227A6F6E6573223B613A383A7B733A363A22686561646572223B733A363A22486561646572223B733A373A22636F6E74656E74223B733A373A22436F6E74656E74223B733A363A22666F6F746572223B733A363A22466F6F746572223B733A343A2275736572223B733A343A2255736572223B733A383A226272616E64696E67223B733A383A224272616E64696E67223B733A343A226D656E75223B733A343A224D656E75223B733A373A2270726566616365223B733A373A2250726566616365223B733A31303A22706F7374736372697074223B733A31303A22506F7374736372697074223B7D733A333A22637373223B613A313A7B733A31303A22676C6F62616C2E637373223B613A333A7B733A343A226E616D65223B733A32353A22596F757220637573746F6D20676C6F62616C207374796C6573223B733A31313A226465736372697074696F6E223B733A36353A22546869732066696C6520686F6C647320616C6C2074686520676C6F62616C6C792061637469766520637573746F6D20435353206F6620796F7572207468656D652E223B733A373A226F7074696F6E73223B613A313A7B733A363A22776569676874223B733A323A223130223B7D7D7D733A383A2273657474696E6773223B613A3330313A7B733A31303A22616C7068615F67726964223B733A31333A22616C7068615F64656661756C74223B733A32373A22616C7068615F7072696D6172795F616C7068615F64656661756C74223B733A363A226E6F726D616C223B733A31363A22616C7068615F726573706F6E73697665223B733A313A2231223B733A33333A22616C7068615F6C61796F7574735F616C7068615F666C7569645F7072696D617279223B733A363A226E6F726D616C223B733A34333A22616C7068615F6C61796F7574735F616C7068615F666C7569645F6E6F726D616C5F726573706F6E73697665223B733A313A2230223B733A33383A22616C7068615F6C61796F7574735F616C7068615F666C7569645F6E6F726D616C5F6D65646961223B733A3133343A22616C6C20616E6420286D696E2D77696474683A2037343070782920616E6420286D696E2D6465766963652D77696474683A203734307078292C20286D61782D6465766963652D77696474683A2038303070782920616E6420286D696E2D77696474683A2037343070782920616E6420286F7269656E746174696F6E3A6C616E64736361706529223B733A33353A22616C7068615F6C61796F7574735F616C7068615F64656661756C745F7072696D617279223B733A363A226E6F726D616C223B733A34343A22616C7068615F6C61796F7574735F616C7068615F64656661756C745F666C7569645F726573706F6E73697665223B733A313A2230223B733A33393A22616C7068615F6C61796F7574735F616C7068615F64656661756C745F666C7569645F6D65646961223B733A3133343A22616C6C20616E6420286D696E2D77696474683A2037343070782920616E6420286D696E2D6465766963652D77696474683A203734307078292C20286D61782D6465766963652D77696474683A2038303070782920616E6420286D696E2D77696474683A2037343070782920616E6420286F7269656E746174696F6E3A6C616E64736361706529223B733A34303A22616C7068615F6C61796F7574735F616C7068615F64656661756C745F666C7569645F776569676874223B733A313A2230223B733A34353A22616C7068615F6C61796F7574735F616C7068615F64656661756C745F6E6172726F775F726573706F6E73697665223B733A313A2231223B733A34303A22616C7068615F6C61796F7574735F616C7068615F64656661756C745F6E6172726F775F6D65646961223B733A3133343A22616C6C20616E6420286D696E2D77696474683A2037343070782920616E6420286D696E2D6465766963652D77696474683A203734307078292C20286D61782D6465766963652D77696474683A2038303070782920616E6420286D696E2D77696474683A2037343070782920616E6420286F7269656E746174696F6E3A6C616E64736361706529223B733A34313A22616C7068615F6C61796F7574735F616C7068615F64656661756C745F6E6172726F775F776569676874223B733A313A2231223B733A34353A22616C7068615F6C61796F7574735F616C7068615F64656661756C745F6E6F726D616C5F726573706F6E73697665223B733A313A2231223B733A34303A22616C7068615F6C61796F7574735F616C7068615F64656661756C745F6E6F726D616C5F6D65646961223B733A3134343A22616C6C20616E6420286D696E2D77696474683A2039383070782920616E6420286D696E2D6465766963652D77696474683A203938307078292C20616C6C20616E6420286D61782D6465766963652D77696474683A203130323470782920616E6420286D696E2D77696474683A203130323470782920616E6420286F7269656E746174696F6E3A6C616E64736361706529223B733A34313A22616C7068615F6C61796F7574735F616C7068615F64656661756C745F6E6F726D616C5F776569676874223B733A313A2232223B733A34333A22616C7068615F6C61796F7574735F616C7068615F64656661756C745F776964655F726573706F6E73697665223B733A313A2231223B733A33383A22616C7068615F6C61796F7574735F616C7068615F64656661756C745F776964655F6D65646961223B733A32373A22616C6C20616E6420286D696E2D77696474683A2031323230707829223B733A33393A22616C7068615F6C61796F7574735F616C7068615F64656661756C745F776964655F776569676874223B733A313A2233223B733A31343A22616C7068615F76696577706F7274223B733A313A2231223B733A32383A22616C7068615F76696577706F72745F696E697469616C5F7363616C65223B733A313A2231223B733A32343A22616C7068615F76696577706F72745F6D696E5F7363616C65223B733A313A2231223B733A32343A22616C7068615F76696577706F72745F6D61785F7363616C65223B733A313A2231223B733A32393A22616C7068615F76696577706F72745F757365725F7363616C6561626C65223B733A303A22223B733A31353A22616C7068615F6C6962726172696573223B613A333A7B733A31353A226F6D6567615F666F726D616C697A65223B733A31353A226F6D6567615F666F726D616C697A65223B733A31383A226F6D6567615F657175616C68656967687473223B733A303A22223B733A31383A226F6D6567615F6D6564696171756572696573223B733A31383A226F6D6567615F6D6564696171756572696573223B7D733A393A22616C7068615F637373223B613A393A7B733A31353A22616C7068612D72657365742E637373223B733A31353A22616C7068612D72657365742E637373223B733A31363A22616C7068612D6D6F62696C652E637373223B733A31363A22616C7068612D6D6F62696C652E637373223B733A31353A22616C7068612D616C7068612E637373223B733A31353A22616C7068612D616C7068612E637373223B733A31343A226F6D6567612D746578742E637373223B733A31343A226F6D6567612D746578742E637373223B733A31383A226F6D6567612D6272616E64696E672E637373223B733A31383A226F6D6567612D6272616E64696E672E637373223B733A31343A226F6D6567612D6D656E752E637373223B733A31343A226F6D6567612D6D656E752E637373223B733A31353A226F6D6567612D666F726D732E637373223B733A31353A226F6D6567612D666F726D732E637373223B733A31373A226F6D6567612D76697375616C732E637373223B733A31373A226F6D6567612D76697375616C732E637373223B733A31303A22676C6F62616C2E637373223B733A31303A22676C6F62616C2E637373223B7D733A32343A22616C7068615F64656275675F626C6F636B5F746F67676C65223B733A313A2231223B733A32343A22616C7068615F64656275675F626C6F636B5F616374697665223B733A313A2231223B733A32333A22616C7068615F64656275675F677269645F746F67676C65223B733A313A2231223B733A32333A22616C7068615F64656275675F677269645F616374697665223B733A313A2231223B733A32323A22616C7068615F64656275675F677269645F726F6C6573223B613A333A7B693A313B733A313A2231223B693A323B733A313A2232223B693A333B733A313A2233223B7D733A32313A22616C7068615F746F67676C655F6D65737361676573223B733A313A2231223B733A32353A22616C7068615F746F67676C655F616374696F6E5F6C696E6B73223B733A313A2231223B733A31373A22616C7068615F746F67676C655F74616273223B733A313A2231223B733A32333A22616C7068615F746F67676C655F62726561646372756D62223B733A313A2231223B733A32333A22616C7068615F746F67676C655F706167655F7469746C65223B733A313A2231223B733A32333A22616C7068615F746F67676C655F666565645F69636F6E73223B733A313A2231223B733A31383A22616C7068615F68696464656E5F7469746C65223B733A303A22223B733A32323A22616C7068615F68696464656E5F736974655F6E616D65223B733A303A22223B733A32343A22616C7068615F68696464656E5F736974655F736C6F67616E223B733A303A22223B733A33383A22616C7068615F7A6F6E655F757365725F657175616C5F6865696768745F636F6E7461696E6572223B733A303A22223B733A32333A22616C7068615F7A6F6E655F757365725F77726170706572223B733A313A2231223B733A32313A22616C7068615F7A6F6E655F757365725F666F726365223B733A303A22223B733A32333A22616C7068615F7A6F6E655F757365725F73656374696F6E223B733A363A22686561646572223B733A32323A22616C7068615F7A6F6E655F757365725F776569676874223B733A313A2231223B733A32333A22616C7068615F7A6F6E655F757365725F636F6C756D6E73223B733A323A223132223B733A32333A22616C7068615F7A6F6E655F757365725F7072696D617279223B733A303A22223B733A31393A22616C7068615F7A6F6E655F757365725F637373223B733A303A22223B733A32373A22616C7068615F7A6F6E655F757365725F777261707065725F637373223B733A303A22223B733A34323A22616C7068615F7A6F6E655F6272616E64696E675F657175616C5F6865696768745F636F6E7461696E6572223B733A303A22223B733A32373A22616C7068615F7A6F6E655F6272616E64696E675F77726170706572223B733A313A2231223B733A32353A22616C7068615F7A6F6E655F6272616E64696E675F666F726365223B733A303A22223B733A32373A22616C7068615F7A6F6E655F6272616E64696E675F73656374696F6E223B733A363A22686561646572223B733A32363A22616C7068615F7A6F6E655F6272616E64696E675F776569676874223B733A313A2232223B733A32373A22616C7068615F7A6F6E655F6272616E64696E675F636F6C756D6E73223B733A323A223132223B733A32373A22616C7068615F7A6F6E655F6272616E64696E675F7072696D617279223B733A303A22223B733A32333A22616C7068615F7A6F6E655F6272616E64696E675F637373223B733A303A22223B733A33313A22616C7068615F7A6F6E655F6272616E64696E675F777261707065725F637373223B733A303A22223B733A33383A22616C7068615F7A6F6E655F6D656E755F657175616C5F6865696768745F636F6E7461696E6572223B733A303A22223B733A32333A22616C7068615F7A6F6E655F6D656E755F77726170706572223B733A313A2231223B733A32313A22616C7068615F7A6F6E655F6D656E755F666F726365223B733A303A22223B733A32333A22616C7068615F7A6F6E655F6D656E755F73656374696F6E223B733A363A22686561646572223B733A32323A22616C7068615F7A6F6E655F6D656E755F776569676874223B733A313A2233223B733A32333A22616C7068615F7A6F6E655F6D656E755F636F6C756D6E73223B733A323A223132223B733A32333A22616C7068615F7A6F6E655F6D656E755F7072696D617279223B733A303A22223B733A31393A22616C7068615F7A6F6E655F6D656E755F637373223B733A303A22223B733A32373A22616C7068615F7A6F6E655F6D656E755F777261707065725F637373223B733A303A22223B733A34303A22616C7068615F7A6F6E655F6865616465725F657175616C5F6865696768745F636F6E7461696E6572223B733A303A22223B733A32353A22616C7068615F7A6F6E655F6865616465725F77726170706572223B733A313A2231223B733A32333A22616C7068615F7A6F6E655F6865616465725F666F726365223B733A303A22223B733A32353A22616C7068615F7A6F6E655F6865616465725F73656374696F6E223B733A363A22686561646572223B733A32343A22616C7068615F7A6F6E655F6865616465725F776569676874223B733A313A2234223B733A32353A22616C7068615F7A6F6E655F6865616465725F636F6C756D6E73223B733A323A223132223B733A32353A22616C7068615F7A6F6E655F6865616465725F7072696D617279223B733A303A22223B733A32313A22616C7068615F7A6F6E655F6865616465725F637373223B733A303A22223B733A32393A22616C7068615F7A6F6E655F6865616465725F777261707065725F637373223B733A303A22223B733A34313A22616C7068615F7A6F6E655F707265666163655F657175616C5F6865696768745F636F6E7461696E6572223B733A303A22223B733A32363A22616C7068615F7A6F6E655F707265666163655F77726170706572223B733A313A2231223B733A32343A22616C7068615F7A6F6E655F707265666163655F666F726365223B733A303A22223B733A32363A22616C7068615F7A6F6E655F707265666163655F73656374696F6E223B733A373A22636F6E74656E74223B733A32353A22616C7068615F7A6F6E655F707265666163655F776569676874223B733A313A2231223B733A32363A22616C7068615F7A6F6E655F707265666163655F636F6C756D6E73223B733A323A223132223B733A32363A22616C7068615F7A6F6E655F707265666163655F7072696D617279223B733A303A22223B733A32323A22616C7068615F7A6F6E655F707265666163655F637373223B733A303A22223B733A33303A22616C7068615F7A6F6E655F707265666163655F777261707065725F637373223B733A303A22223B733A34313A22616C7068615F7A6F6E655F636F6E74656E745F657175616C5F6865696768745F636F6E7461696E6572223B733A303A22223B733A32363A22616C7068615F7A6F6E655F636F6E74656E745F77726170706572223B733A313A2231223B733A32343A22616C7068615F7A6F6E655F636F6E74656E745F666F726365223B733A313A2231223B733A32363A22616C7068615F7A6F6E655F636F6E74656E745F73656374696F6E223B733A373A22636F6E74656E74223B733A32353A22616C7068615F7A6F6E655F636F6E74656E745F776569676874223B733A313A2232223B733A32363A22616C7068615F7A6F6E655F636F6E74656E745F636F6C756D6E73223B733A323A223132223B733A32363A22616C7068615F7A6F6E655F636F6E74656E745F7072696D617279223B733A373A22636F6E74656E74223B733A32323A22616C7068615F7A6F6E655F636F6E74656E745F637373223B733A303A22223B733A33303A22616C7068615F7A6F6E655F636F6E74656E745F777261707065725F637373223B733A303A22223B733A34343A22616C7068615F7A6F6E655F706F73747363726970745F657175616C5F6865696768745F636F6E7461696E6572223B733A303A22223B733A32393A22616C7068615F7A6F6E655F706F73747363726970745F77726170706572223B733A313A2231223B733A32373A22616C7068615F7A6F6E655F706F73747363726970745F666F726365223B733A303A22223B733A32393A22616C7068615F7A6F6E655F706F73747363726970745F73656374696F6E223B733A373A22636F6E74656E74223B733A32383A22616C7068615F7A6F6E655F706F73747363726970745F776569676874223B733A313A2233223B733A32393A22616C7068615F7A6F6E655F706F73747363726970745F636F6C756D6E73223B733A323A223132223B733A32393A22616C7068615F7A6F6E655F706F73747363726970745F7072696D617279223B733A303A22223B733A32353A22616C7068615F7A6F6E655F706F73747363726970745F637373223B733A303A22223B733A33333A22616C7068615F7A6F6E655F706F73747363726970745F777261707065725F637373223B733A303A22223B733A34303A22616C7068615F7A6F6E655F666F6F7465725F657175616C5F6865696768745F636F6E7461696E6572223B733A303A22223B733A32353A22616C7068615F7A6F6E655F666F6F7465725F77726170706572223B733A313A2231223B733A32333A22616C7068615F7A6F6E655F666F6F7465725F666F726365223B733A303A22223B733A32353A22616C7068615F7A6F6E655F666F6F7465725F73656374696F6E223B733A363A22666F6F746572223B733A32343A22616C7068615F7A6F6E655F666F6F7465725F776569676874223B733A313A2231223B733A32353A22616C7068615F7A6F6E655F666F6F7465725F636F6C756D6E73223B733A323A223132223B733A32353A22616C7068615F7A6F6E655F666F6F7465725F7072696D617279223B733A303A22223B733A32313A22616C7068615F7A6F6E655F666F6F7465725F637373223B733A303A22223B733A32393A22616C7068615F7A6F6E655F666F6F7465725F777261707065725F637373223B733A303A22223B733A35333A22616C7068615F726567696F6E5F64617368626F6172645F736964656261725F657175616C5F6865696768745F636F6E7461696E6572223B733A303A22223B733A35313A22616C7068615F726567696F6E5F64617368626F6172645F736964656261725F657175616C5F6865696768745F656C656D656E74223B733A303A22223B733A33363A22616C7068615F726567696F6E5F64617368626F6172645F736964656261725F666F726365223B733A303A22223B733A33353A22616C7068615F726567696F6E5F64617368626F6172645F736964656261725F7A6F6E65223B733A303A22223B733A33373A22616C7068615F726567696F6E5F64617368626F6172645F736964656261725F707265666978223B733A303A22223B733A33383A22616C7068615F726567696F6E5F64617368626F6172645F736964656261725F636F6C756D6E73223B733A313A2231223B733A33373A22616C7068615F726567696F6E5F64617368626F6172645F736964656261725F737566666978223B733A303A22223B733A33373A22616C7068615F726567696F6E5F64617368626F6172645F736964656261725F776569676874223B733A333A222D3530223B733A33343A22616C7068615F726567696F6E5F64617368626F6172645F736964656261725F637373223B733A303A22223B733A35343A22616C7068615F726567696F6E5F64617368626F6172645F696E6163746976655F657175616C5F6865696768745F636F6E7461696E6572223B733A303A22223B733A35323A22616C7068615F726567696F6E5F64617368626F6172645F696E6163746976655F657175616C5F6865696768745F656C656D656E74223B733A303A22223B733A33373A22616C7068615F726567696F6E5F64617368626F6172645F696E6163746976655F666F726365223B733A303A22223B733A33363A22616C7068615F726567696F6E5F64617368626F6172645F696E6163746976655F7A6F6E65223B733A303A22223B733A33383A22616C7068615F726567696F6E5F64617368626F6172645F696E6163746976655F707265666978223B733A303A22223B733A33393A22616C7068615F726567696F6E5F64617368626F6172645F696E6163746976655F636F6C756D6E73223B733A313A2231223B733A33383A22616C7068615F726567696F6E5F64617368626F6172645F696E6163746976655F737566666978223B733A303A22223B733A33383A22616C7068615F726567696F6E5F64617368626F6172645F696E6163746976655F776569676874223B733A333A222D3530223B733A33353A22616C7068615F726567696F6E5F64617368626F6172645F696E6163746976655F637373223B733A303A22223B733A35303A22616C7068615F726567696F6E5F64617368626F6172645F6D61696E5F657175616C5F6865696768745F636F6E7461696E6572223B733A303A22223B733A34383A22616C7068615F726567696F6E5F64617368626F6172645F6D61696E5F657175616C5F6865696768745F656C656D656E74223B733A303A22223B733A33333A22616C7068615F726567696F6E5F64617368626F6172645F6D61696E5F666F726365223B733A303A22223B733A33323A22616C7068615F726567696F6E5F64617368626F6172645F6D61696E5F7A6F6E65223B733A303A22223B733A33343A22616C7068615F726567696F6E5F64617368626F6172645F6D61696E5F707265666978223B733A303A22223B733A33353A22616C7068615F726567696F6E5F64617368626F6172645F6D61696E5F636F6C756D6E73223B733A313A2231223B733A33343A22616C7068615F726567696F6E5F64617368626F6172645F6D61696E5F737566666978223B733A303A22223B733A33343A22616C7068615F726567696F6E5F64617368626F6172645F6D61696E5F776569676874223B733A333A222D3530223B733A33313A22616C7068615F726567696F6E5F64617368626F6172645F6D61696E5F637373223B733A303A22223B733A34363A22616C7068615F726567696F6E5F757365725F66697273745F657175616C5F6865696768745F636F6E7461696E6572223B733A303A22223B733A34343A22616C7068615F726567696F6E5F757365725F66697273745F657175616C5F6865696768745F656C656D656E74223B733A303A22223B733A32393A22616C7068615F726567696F6E5F757365725F66697273745F666F726365223B733A303A22223B733A32383A22616C7068615F726567696F6E5F757365725F66697273745F7A6F6E65223B733A343A2275736572223B733A33303A22616C7068615F726567696F6E5F757365725F66697273745F707265666978223B733A303A22223B733A33313A22616C7068615F726567696F6E5F757365725F66697273745F636F6C756D6E73223B733A313A2238223B733A33303A22616C7068615F726567696F6E5F757365725F66697273745F737566666978223B733A303A22223B733A33303A22616C7068615F726567696F6E5F757365725F66697273745F776569676874223B733A313A2231223B733A32373A22616C7068615F726567696F6E5F757365725F66697273745F637373223B733A303A22223B733A34373A22616C7068615F726567696F6E5F757365725F7365636F6E645F657175616C5F6865696768745F636F6E7461696E6572223B733A303A22223B733A34353A22616C7068615F726567696F6E5F757365725F7365636F6E645F657175616C5F6865696768745F656C656D656E74223B733A303A22223B733A33303A22616C7068615F726567696F6E5F757365725F7365636F6E645F666F726365223B733A303A22223B733A32393A22616C7068615F726567696F6E5F757365725F7365636F6E645F7A6F6E65223B733A343A2275736572223B733A33313A22616C7068615F726567696F6E5F757365725F7365636F6E645F707265666978223B733A303A22223B733A33323A22616C7068615F726567696F6E5F757365725F7365636F6E645F636F6C756D6E73223B733A313A2234223B733A33313A22616C7068615F726567696F6E5F757365725F7365636F6E645F737566666978223B733A303A22223B733A33313A22616C7068615F726567696F6E5F757365725F7365636F6E645F776569676874223B733A313A2232223B733A32383A22616C7068615F726567696F6E5F757365725F7365636F6E645F637373223B733A303A22223B733A34343A22616C7068615F726567696F6E5F6272616E64696E675F657175616C5F6865696768745F636F6E7461696E6572223B733A303A22223B733A34323A22616C7068615F726567696F6E5F6272616E64696E675F657175616C5F6865696768745F656C656D656E74223B733A303A22223B733A32373A22616C7068615F726567696F6E5F6272616E64696E675F666F726365223B733A313A2231223B733A32363A22616C7068615F726567696F6E5F6272616E64696E675F7A6F6E65223B733A383A226272616E64696E67223B733A32383A22616C7068615F726567696F6E5F6272616E64696E675F707265666978223B733A303A22223B733A32393A22616C7068615F726567696F6E5F6272616E64696E675F636F6C756D6E73223B733A323A223132223B733A32383A22616C7068615F726567696F6E5F6272616E64696E675F737566666978223B733A303A22223B733A32383A22616C7068615F726567696F6E5F6272616E64696E675F776569676874223B733A313A2231223B733A32353A22616C7068615F726567696F6E5F6272616E64696E675F637373223B733A303A22223B733A34303A22616C7068615F726567696F6E5F6D656E755F657175616C5F6865696768745F636F6E7461696E6572223B733A303A22223B733A33383A22616C7068615F726567696F6E5F6D656E755F657175616C5F6865696768745F656C656D656E74223B733A303A22223B733A32333A22616C7068615F726567696F6E5F6D656E755F666F726365223B733A313A2231223B733A32323A22616C7068615F726567696F6E5F6D656E755F7A6F6E65223B733A343A226D656E75223B733A32343A22616C7068615F726567696F6E5F6D656E755F707265666978223B733A303A22223B733A32353A22616C7068615F726567696F6E5F6D656E755F636F6C756D6E73223B733A323A223132223B733A32343A22616C7068615F726567696F6E5F6D656E755F737566666978223B733A303A22223B733A32343A22616C7068615F726567696F6E5F6D656E755F776569676874223B733A313A2231223B733A32313A22616C7068615F726567696F6E5F6D656E755F637373223B733A303A22223B733A34383A22616C7068615F726567696F6E5F6865616465725F66697273745F657175616C5F6865696768745F636F6E7461696E6572223B733A303A22223B733A34363A22616C7068615F726567696F6E5F6865616465725F66697273745F657175616C5F6865696768745F656C656D656E74223B733A303A22223B733A33313A22616C7068615F726567696F6E5F6865616465725F66697273745F666F726365223B733A303A22223B733A33303A22616C7068615F726567696F6E5F6865616465725F66697273745F7A6F6E65223B733A363A22686561646572223B733A33323A22616C7068615F726567696F6E5F6865616465725F66697273745F707265666978223B733A303A22223B733A33333A22616C7068615F726567696F6E5F6865616465725F66697273745F636F6C756D6E73223B733A313A2236223B733A33323A22616C7068615F726567696F6E5F6865616465725F66697273745F737566666978223B733A303A22223B733A33323A22616C7068615F726567696F6E5F6865616465725F66697273745F776569676874223B733A313A2231223B733A32393A22616C7068615F726567696F6E5F6865616465725F66697273745F637373223B733A303A22223B733A34393A22616C7068615F726567696F6E5F6865616465725F7365636F6E645F657175616C5F6865696768745F636F6E7461696E6572223B733A303A22223B733A34373A22616C7068615F726567696F6E5F6865616465725F7365636F6E645F657175616C5F6865696768745F656C656D656E74223B733A303A22223B733A33323A22616C7068615F726567696F6E5F6865616465725F7365636F6E645F666F726365223B733A303A22223B733A33313A22616C7068615F726567696F6E5F6865616465725F7365636F6E645F7A6F6E65223B733A363A22686561646572223B733A33333A22616C7068615F726567696F6E5F6865616465725F7365636F6E645F707265666978223B733A303A22223B733A33343A22616C7068615F726567696F6E5F6865616465725F7365636F6E645F636F6C756D6E73223B733A313A2236223B733A33333A22616C7068615F726567696F6E5F6865616465725F7365636F6E645F737566666978223B733A303A22223B733A33333A22616C7068615F726567696F6E5F6865616465725F7365636F6E645F776569676874223B733A313A2232223B733A33303A22616C7068615F726567696F6E5F6865616465725F7365636F6E645F637373223B733A303A22223B733A34393A22616C7068615F726567696F6E5F707265666163655F66697273745F657175616C5F6865696768745F636F6E7461696E6572223B733A303A22223B733A34373A22616C7068615F726567696F6E5F707265666163655F66697273745F657175616C5F6865696768745F656C656D656E74223B733A303A22223B733A33323A22616C7068615F726567696F6E5F707265666163655F66697273745F666F726365223B733A303A22223B733A33313A22616C7068615F726567696F6E5F707265666163655F66697273745F7A6F6E65223B733A373A2270726566616365223B733A33333A22616C7068615F726567696F6E5F707265666163655F66697273745F707265666978223B733A303A22223B733A33343A22616C7068615F726567696F6E5F707265666163655F66697273745F636F6C756D6E73223B733A313A2234223B733A33333A22616C7068615F726567696F6E5F707265666163655F66697273745F737566666978223B733A303A22223B733A33333A22616C7068615F726567696F6E5F707265666163655F66697273745F776569676874223B733A313A2231223B733A33303A22616C7068615F726567696F6E5F707265666163655F66697273745F637373223B733A303A22223B733A35303A22616C7068615F726567696F6E5F707265666163655F7365636F6E645F657175616C5F6865696768745F636F6E7461696E6572223B733A303A22223B733A34383A22616C7068615F726567696F6E5F707265666163655F7365636F6E645F657175616C5F6865696768745F656C656D656E74223B733A303A22223B733A33333A22616C7068615F726567696F6E5F707265666163655F7365636F6E645F666F726365223B733A303A22223B733A33323A22616C7068615F726567696F6E5F707265666163655F7365636F6E645F7A6F6E65223B733A373A2270726566616365223B733A33343A22616C7068615F726567696F6E5F707265666163655F7365636F6E645F707265666978223B733A303A22223B733A33353A22616C7068615F726567696F6E5F707265666163655F7365636F6E645F636F6C756D6E73223B733A313A2234223B733A33343A22616C7068615F726567696F6E5F707265666163655F7365636F6E645F737566666978223B733A303A22223B733A33343A22616C7068615F726567696F6E5F707265666163655F7365636F6E645F776569676874223B733A313A2232223B733A33313A22616C7068615F726567696F6E5F707265666163655F7365636F6E645F637373223B733A303A22223B733A34393A22616C7068615F726567696F6E5F707265666163655F74686972645F657175616C5F6865696768745F636F6E7461696E6572223B733A303A22223B733A34373A22616C7068615F726567696F6E5F707265666163655F74686972645F657175616C5F6865696768745F656C656D656E74223B733A303A22223B733A33323A22616C7068615F726567696F6E5F707265666163655F74686972645F666F726365223B733A303A22223B733A33313A22616C7068615F726567696F6E5F707265666163655F74686972645F7A6F6E65223B733A373A2270726566616365223B733A33333A22616C7068615F726567696F6E5F707265666163655F74686972645F707265666978223B733A303A22223B733A33343A22616C7068615F726567696F6E5F707265666163655F74686972645F636F6C756D6E73223B733A313A2234223B733A33333A22616C7068615F726567696F6E5F707265666163655F74686972645F737566666978223B733A303A22223B733A33333A22616C7068615F726567696F6E5F707265666163655F74686972645F776569676874223B733A313A2233223B733A33303A22616C7068615F726567696F6E5F707265666163655F74686972645F637373223B733A303A22223B733A34333A22616C7068615F726567696F6E5F636F6E74656E745F657175616C5F6865696768745F636F6E7461696E6572223B733A303A22223B733A34313A22616C7068615F726567696F6E5F636F6E74656E745F657175616C5F6865696768745F656C656D656E74223B733A303A22223B733A32363A22616C7068615F726567696F6E5F636F6E74656E745F666F726365223B733A303A22223B733A32353A22616C7068615F726567696F6E5F636F6E74656E745F7A6F6E65223B733A373A22636F6E74656E74223B733A32373A22616C7068615F726567696F6E5F636F6E74656E745F707265666978223B733A303A22223B733A32383A22616C7068615F726567696F6E5F636F6E74656E745F636F6C756D6E73223B733A313A2236223B733A32373A22616C7068615F726567696F6E5F636F6E74656E745F737566666978223B733A303A22223B733A32373A22616C7068615F726567696F6E5F636F6E74656E745F776569676874223B733A313A2232223B733A32343A22616C7068615F726567696F6E5F636F6E74656E745F637373223B733A303A22223B733A34393A22616C7068615F726567696F6E5F736964656261725F66697273745F657175616C5F6865696768745F636F6E7461696E6572223B733A303A22223B733A34373A22616C7068615F726567696F6E5F736964656261725F66697273745F657175616C5F6865696768745F656C656D656E74223B733A303A22223B733A33323A22616C7068615F726567696F6E5F736964656261725F66697273745F666F726365223B733A303A22223B733A33313A22616C7068615F726567696F6E5F736964656261725F66697273745F7A6F6E65223B733A373A22636F6E74656E74223B733A33333A22616C7068615F726567696F6E5F736964656261725F66697273745F707265666978223B733A303A22223B733A33343A22616C7068615F726567696F6E5F736964656261725F66697273745F636F6C756D6E73223B733A313A2233223B733A33333A22616C7068615F726567696F6E5F736964656261725F66697273745F737566666978223B733A303A22223B733A33333A22616C7068615F726567696F6E5F736964656261725F66697273745F776569676874223B733A313A2231223B733A33303A22616C7068615F726567696F6E5F736964656261725F66697273745F637373223B733A303A22223B733A35303A22616C7068615F726567696F6E5F736964656261725F7365636F6E645F657175616C5F6865696768745F636F6E7461696E6572223B733A303A22223B733A34383A22616C7068615F726567696F6E5F736964656261725F7365636F6E645F657175616C5F6865696768745F656C656D656E74223B733A303A22223B733A33333A22616C7068615F726567696F6E5F736964656261725F7365636F6E645F666F726365223B733A303A22223B733A33323A22616C7068615F726567696F6E5F736964656261725F7365636F6E645F7A6F6E65223B733A373A22636F6E74656E74223B733A33343A22616C7068615F726567696F6E5F736964656261725F7365636F6E645F707265666978223B733A303A22223B733A33353A22616C7068615F726567696F6E5F736964656261725F7365636F6E645F636F6C756D6E73223B733A313A2233223B733A33343A22616C7068615F726567696F6E5F736964656261725F7365636F6E645F737566666978223B733A303A22223B733A33343A22616C7068615F726567696F6E5F736964656261725F7365636F6E645F776569676874223B733A313A2233223B733A33313A22616C7068615F726567696F6E5F736964656261725F7365636F6E645F637373223B733A303A22223B733A35323A22616C7068615F726567696F6E5F706F73747363726970745F66697273745F657175616C5F6865696768745F636F6E7461696E6572223B733A303A22223B733A35303A22616C7068615F726567696F6E5F706F73747363726970745F66697273745F657175616C5F6865696768745F656C656D656E74223B733A303A22223B733A33353A22616C7068615F726567696F6E5F706F73747363726970745F66697273745F666F726365223B733A303A22223B733A33343A22616C7068615F726567696F6E5F706F73747363726970745F66697273745F7A6F6E65223B733A31303A22706F7374736372697074223B733A33363A22616C7068615F726567696F6E5F706F73747363726970745F66697273745F707265666978223B733A303A22223B733A33373A22616C7068615F726567696F6E5F706F73747363726970745F66697273745F636F6C756D6E73223B733A313A2233223B733A33363A22616C7068615F726567696F6E5F706F73747363726970745F66697273745F737566666978223B733A303A22223B733A33363A22616C7068615F726567696F6E5F706F73747363726970745F66697273745F776569676874223B733A313A2231223B733A33333A22616C7068615F726567696F6E5F706F73747363726970745F66697273745F637373223B733A303A22223B733A35333A22616C7068615F726567696F6E5F706F73747363726970745F7365636F6E645F657175616C5F6865696768745F636F6E7461696E6572223B733A303A22223B733A35313A22616C7068615F726567696F6E5F706F73747363726970745F7365636F6E645F657175616C5F6865696768745F656C656D656E74223B733A303A22223B733A33363A22616C7068615F726567696F6E5F706F73747363726970745F7365636F6E645F666F726365223B733A303A22223B733A33353A22616C7068615F726567696F6E5F706F73747363726970745F7365636F6E645F7A6F6E65223B733A31303A22706F7374736372697074223B733A33373A22616C7068615F726567696F6E5F706F73747363726970745F7365636F6E645F707265666978223B733A303A22223B733A33383A22616C7068615F726567696F6E5F706F73747363726970745F7365636F6E645F636F6C756D6E73223B733A313A2233223B733A33373A22616C7068615F726567696F6E5F706F73747363726970745F7365636F6E645F737566666978223B733A303A22223B733A33373A22616C7068615F726567696F6E5F706F73747363726970745F7365636F6E645F776569676874223B733A313A2232223B733A33343A22616C7068615F726567696F6E5F706F73747363726970745F7365636F6E645F637373223B733A303A22223B733A35323A22616C7068615F726567696F6E5F706F73747363726970745F74686972645F657175616C5F6865696768745F636F6E7461696E6572223B733A303A22223B733A35303A22616C7068615F726567696F6E5F706F73747363726970745F74686972645F657175616C5F6865696768745F656C656D656E74223B733A303A22223B733A33353A22616C7068615F726567696F6E5F706F73747363726970745F74686972645F666F726365223B733A303A22223B733A33343A22616C7068615F726567696F6E5F706F73747363726970745F74686972645F7A6F6E65223B733A31303A22706F7374736372697074223B733A33363A22616C7068615F726567696F6E5F706F73747363726970745F74686972645F707265666978223B733A303A22223B733A33373A22616C7068615F726567696F6E5F706F73747363726970745F74686972645F636F6C756D6E73223B733A313A2233223B733A33363A22616C7068615F726567696F6E5F706F73747363726970745F74686972645F737566666978223B733A303A22223B733A33363A22616C7068615F726567696F6E5F706F73747363726970745F74686972645F776569676874223B733A313A2233223B733A33333A22616C7068615F726567696F6E5F706F73747363726970745F74686972645F637373223B733A303A22223B733A35333A22616C7068615F726567696F6E5F706F73747363726970745F666F757274685F657175616C5F6865696768745F636F6E7461696E6572223B733A303A22223B733A35313A22616C7068615F726567696F6E5F706F73747363726970745F666F757274685F657175616C5F6865696768745F656C656D656E74223B733A303A22223B733A33363A22616C7068615F726567696F6E5F706F73747363726970745F666F757274685F666F726365223B733A303A22223B733A33353A22616C7068615F726567696F6E5F706F73747363726970745F666F757274685F7A6F6E65223B733A31303A22706F7374736372697074223B733A33373A22616C7068615F726567696F6E5F706F73747363726970745F666F757274685F707265666978223B733A303A22223B733A33383A22616C7068615F726567696F6E5F706F73747363726970745F666F757274685F636F6C756D6E73223B733A313A2233223B733A33373A22616C7068615F726567696F6E5F706F73747363726970745F666F757274685F737566666978223B733A303A22223B733A33373A22616C7068615F726567696F6E5F706F73747363726970745F666F757274685F776569676874223B733A313A2234223B733A33343A22616C7068615F726567696F6E5F706F73747363726970745F666F757274685F637373223B733A303A22223B733A34383A22616C7068615F726567696F6E5F666F6F7465725F66697273745F657175616C5F6865696768745F636F6E7461696E6572223B733A303A22223B733A34363A22616C7068615F726567696F6E5F666F6F7465725F66697273745F657175616C5F6865696768745F656C656D656E74223B733A303A22223B733A33313A22616C7068615F726567696F6E5F666F6F7465725F66697273745F666F726365223B733A303A22223B733A33303A22616C7068615F726567696F6E5F666F6F7465725F66697273745F7A6F6E65223B733A363A22666F6F746572223B733A33323A22616C7068615F726567696F6E5F666F6F7465725F66697273745F707265666978223B733A303A22223B733A33333A22616C7068615F726567696F6E5F666F6F7465725F66697273745F636F6C756D6E73223B733A323A223132223B733A33323A22616C7068615F726567696F6E5F666F6F7465725F66697273745F737566666978223B733A303A22223B733A33323A22616C7068615F726567696F6E5F666F6F7465725F66697273745F776569676874223B733A313A2231223B733A32393A22616C7068615F726567696F6E5F666F6F7465725F66697273745F637373223B733A303A22223B733A34393A22616C7068615F726567696F6E5F666F6F7465725F7365636F6E645F657175616C5F6865696768745F636F6E7461696E6572223B733A303A22223B733A34373A22616C7068615F726567696F6E5F666F6F7465725F7365636F6E645F657175616C5F6865696768745F656C656D656E74223B733A303A22223B733A33323A22616C7068615F726567696F6E5F666F6F7465725F7365636F6E645F666F726365223B733A303A22223B733A33313A22616C7068615F726567696F6E5F666F6F7465725F7365636F6E645F7A6F6E65223B733A363A22666F6F746572223B733A33333A22616C7068615F726567696F6E5F666F6F7465725F7365636F6E645F707265666978223B733A303A22223B733A33343A22616C7068615F726567696F6E5F666F6F7465725F7365636F6E645F636F6C756D6E73223B733A323A223132223B733A33333A22616C7068615F726567696F6E5F666F6F7465725F7365636F6E645F737566666978223B733A303A22223B733A33333A22616C7068615F726567696F6E5F666F6F7465725F7365636F6E645F776569676874223B733A313A2232223B733A33303A22616C7068615F726567696F6E5F666F6F7465725F7365636F6E645F637373223B733A303A22223B7D733A373A2276657273696F6E223B733A333A22312E30223B733A383A226665617475726573223B613A393A7B693A303B733A343A226C6F676F223B693A313B733A373A2266617669636F6E223B693A323B733A343A226E616D65223B693A333B733A363A22736C6F67616E223B693A343B733A31373A226E6F64655F757365725F70696374757265223B693A353B733A32303A22636F6D6D656E745F757365725F70696374757265223B693A363B733A32353A22636F6D6D656E745F757365725F766572696669636174696F6E223B693A373B733A393A226D61696E5F6D656E75223B693A383B733A31343A227365636F6E646172795F6D656E75223B7D733A333A22706870223B733A353A22352E322E34223B733A31313A227374796C65736865657473223B613A303A7B7D733A373A2273637269707473223B613A303A7B7D733A31353A226F7665726C61795F726567696F6E73223B613A353A7B693A303B733A31343A2264617368626F6172645F6D61696E223B693A313B733A31373A2264617368626F6172645F73696465626172223B693A323B733A31383A2264617368626F6172645F696E616374697665223B693A333B733A373A22636F6E74656E74223B693A343B733A343A2268656C70223B7D733A31343A22726567696F6E735F68696464656E223B613A323A7B693A303B733A383A22706167655F746F70223B693A313B733A31313A22706167655F626F74746F6D223B7D733A32383A226F7665726C61795F737570706C656D656E74616C5F726567696F6E73223B613A313A7B693A303B733A383A22706167655F746F70223B7D7D733A31313A22626173655F7468656D6573223B613A323A7B733A353A22616C706861223B733A353A22416C706861223B733A353A226F6D656761223B733A353A224F6D656761223B7D733A363A22707265666978223B733A31313A2270687074656D706C617465223B733A363A22656E67696E65223B733A31313A2270687074656D706C617465223B733A31303A22626173655F7468656D65223B733A353A226F6D656761223B7D7D', type = 140, weight = -10 WHERE path = 'admin/structure/block/list/velaio';
--
-- Drop keys of menu_router
--
ALTER TABLE menu_router
  DROP INDEX fit,
  DROP INDEX tab_parent,
  DROP INDEX tab_root_weight_title,
  CHANGE COLUMN path path VARCHAR(255) NOT NULL DEFAULT '' COMMENT 'Primary Key: the Drupal path this entry describes';

--
-- Inserting data into table menu_router
--
INSERT INTO menu_router(path, load_functions, to_arg_functions, access_callback, access_arguments, page_callback, page_arguments, delivery_callback, fit, number_parts, context, tab_parent, tab_root, title, title_callback, title_arguments, theme_callback, theme_arguments, type, description, `position`, weight, include_file) VALUES
('admin/structure/block/list/bartik/add', x'', x'', 'user_access', x'613A313A7B693A303B733A31373A2261646D696E697374657220626C6F636B73223B7D', 'drupal_get_form', x'613A313A7B693A303B733A32303A22626C6F636B5F6164645F626C6F636B5F666F726D223B7D', '', 63, 6, 1, 'admin/structure/block/list/bartik', 'admin/structure/block', 'Add block', 't', '', '', 'a:0:{}', 388, '', '', 0, 'modules/block/block.admin.inc'),
('node/add/slideshow-homepage', x'', x'', 'node_access', x'613A323A7B693A303B733A363A22637265617465223B693A313B733A31383A22736C69646573686F775F686F6D6570616765223B7D', 'node_add', x'613A313A7B693A303B733A31383A22736C69646573686F775F686F6D6570616765223B7D', '', 7, 3, 0, '', 'node/add/slideshow-homepage', 'slideshow_homepage', 'check_plain', '', '', 'a:0:{}', 6, '', '', 0, 'modules/node/node.pages.inc');
--
-- Сreating keys for menu_router
--
ALTER TABLE menu_router
  ADD INDEX fit (fit);

ALTER TABLE menu_router
  ADD INDEX tab_parent (tab_parent(64), weight, title);

ALTER TABLE menu_router
  ADD INDEX tab_root_weight_title (tab_root(64), weight, title);

--
-- Drop keys of node
--
ALTER TABLE node
  DROP INDEX node_changed,
  DROP INDEX node_created,
  DROP INDEX node_frontpage,
  DROP INDEX node_status_type,
  DROP INDEX node_title_type,
  DROP INDEX node_type,
  DROP INDEX tnid,
  DROP INDEX translate,
  DROP INDEX uid,
  DROP INDEX vid,
  CHANGE COLUMN nid nid INT(10) UNSIGNED NOT NULL AUTO_INCREMENT COMMENT 'The primary identifier for a node.',
  CHANGE COLUMN vid vid INT(10) UNSIGNED DEFAULT NULL COMMENT 'The current node_revision.vid version identifier.';

--
-- Inserting data into table node
--
INSERT INTO node(nid, vid, type, language, title, uid, status, created, changed, comment, promote, sticky, tnid, translate) VALUES
(1, 1, 'slideshow_homepage', 'und', 'Slideshow-2', 1, 1, 1368623983, 1368623983, 1, 0, 0, 0, 0),
(2, 2, 'slideshow_homepage', 'und', 'Slideshow-1', 1, 1, 1368624017, 1368624017, 1, 0, 0, 0, 0),
(3, 3, 'blog', 'und', 'Duis tempus sollicitudin  pellentesque', 1, 1, 1368624058, 1368624058, 1, 0, 0, 0, 0),
(4, 4, 'blog', 'und', 'Neque porro quisquam', 1, 1, 1368624084, 1368624084, 1, 0, 0, 0, 0),
(5, 5, 'blog', 'und', 'Duis tempus sollicitudin  pellentesque', 1, 1, 1368624122, 1368624122, 1, 0, 0, 0, 0),
(6, 6, 'page', 'und', 'Ex modus scriptorem quo', 1, 1, 1368624152, 1368624152, 1, 0, 0, 0, 0);
--
-- Сreating keys for node
--
ALTER TABLE node
  CHANGE COLUMN vid vid INT(10) UNSIGNED DEFAULT NULL COMMENT 'The current node_revision.vid version identifier.';

ALTER TABLE node
  ADD INDEX node_changed (changed);

ALTER TABLE node
  ADD INDEX node_created (created);

ALTER TABLE node
  ADD INDEX node_frontpage (promote, status, sticky, created);

ALTER TABLE node
  ADD INDEX node_status_type (status, type, nid);

ALTER TABLE node
  ADD INDEX node_title_type (title, type(4));

ALTER TABLE node
  ADD INDEX node_type (type(4));

ALTER TABLE node
  ADD INDEX tnid (tnid);

ALTER TABLE node
  ADD INDEX translate (translate);

ALTER TABLE node
  ADD INDEX uid (uid);

ALTER TABLE node
  ADD UNIQUE INDEX vid (vid);

--
-- Drop keys of node_comment_statistics
--
ALTER TABLE node_comment_statistics
  DROP INDEX comment_count,
  DROP INDEX last_comment_uid,
  DROP INDEX node_comment_timestamp,
  CHANGE COLUMN nid nid INT(10) UNSIGNED NOT NULL DEFAULT 0 COMMENT 'The node.nid for which the statistics are compiled.';

--
-- Inserting data into table node_comment_statistics
--
INSERT INTO node_comment_statistics(nid, cid, last_comment_timestamp, last_comment_name, last_comment_uid, comment_count) VALUES
(1, 0, 1368623983, NULL, 1, 0),
(2, 0, 1368624017, NULL, 1, 0),
(3, 0, 1368624058, NULL, 1, 0),
(4, 0, 1368624084, NULL, 1, 0),
(5, 0, 1368624122, NULL, 1, 0),
(6, 0, 1368624152, NULL, 1, 0);
--
-- Сreating keys for node_comment_statistics
--
ALTER TABLE node_comment_statistics
  ADD INDEX comment_count (comment_count);

ALTER TABLE node_comment_statistics
  ADD INDEX last_comment_uid (last_comment_uid);

ALTER TABLE node_comment_statistics
  ADD INDEX node_comment_timestamp (last_comment_timestamp);

--
-- Drop keys of node_revision
--
ALTER TABLE node_revision
  DROP INDEX nid,
  DROP INDEX uid,
  CHANGE COLUMN vid vid INT(10) UNSIGNED NOT NULL AUTO_INCREMENT COMMENT 'The primary identifier for this version.';

--
-- Inserting data into table node_revision
--
INSERT INTO node_revision(vid, nid, uid, title, log, timestamp, status, comment, promote, sticky) VALUES
(1, 1, 1, 'Slideshow-2', '', 1368623983, 1, 1, 0, 0),
(2, 2, 1, 'Slideshow-1', '', 1368624017, 1, 1, 0, 0),
(3, 3, 1, 'Duis tempus sollicitudin  pellentesque', '', 1368624058, 1, 1, 0, 0),
(4, 4, 1, 'Neque porro quisquam', '', 1368624084, 1, 1, 0, 0),
(5, 5, 1, 'Duis tempus sollicitudin  pellentesque', '', 1368624122, 1, 1, 0, 0),
(6, 6, 1, 'Ex modus scriptorem quo', '', 1368624152, 1, 1, 0, 0);
--
-- Сreating keys for node_revision
--
ALTER TABLE node_revision
  ADD INDEX nid (nid);

ALTER TABLE node_revision
  ADD INDEX uid (uid);

--
-- Updating data of table node_type
--
UPDATE node_type SET modified = 1 WHERE type = 'blog';
--
-- Inserting data into table node_type
--
INSERT INTO node_type(type, name, base, module, description, help, has_title, title_label, custom, modified, locked, disabled, orig_type) VALUES
('slideshow_homepage', 'slideshow_homepage', 'node_content', 'node', '', '', 1, 'Title', 1, 1, 0, 0, 'slideshow_homepage');
--
-- Deleting data from table queue
--

DELETE FROM queue WHERE item_id IN(29, 30, 31, 32, 33, 
34);
--
-- Drop keys of queue
--
ALTER TABLE queue
  DROP INDEX expire,
  DROP INDEX name_created,
  CHANGE COLUMN item_id item_id INT(10) UNSIGNED NOT NULL AUTO_INCREMENT COMMENT 'Primary Key: Unique item ID.';

--
-- Inserting data into table queue
--
INSERT INTO queue(item_id, name, data, expire, created) VALUES
(56, 'update_fetch_tasks', x'613A383A7B733A343A226E616D65223B733A363A2263746F6F6C73223B733A343A22696E666F223B613A363A7B733A343A226E616D65223B733A31313A224368616F7320746F6F6C73223B733A373A227061636B616765223B733A31363A224368616F7320746F6F6C207375697465223B733A373A2276657273696F6E223B733A373A22372E782D312E32223B733A373A2270726F6A656374223B733A363A2263746F6F6C73223B733A393A22646174657374616D70223B733A31303A2231333435333139323034223B733A31363A225F696E666F5F66696C655F6374696D65223B693A313336383632333333373B7D733A393A22646174657374616D70223B733A31303A2231333435333139323034223B733A383A22696E636C75646573223B613A313A7B733A363A2263746F6F6C73223B733A31313A224368616F7320746F6F6C73223B7D733A31323A2270726F6A6563745F74797065223B733A363A226D6F64756C65223B733A31343A2270726F6A6563745F737461747573223B623A313B733A31303A227375625F7468656D6573223B613A303A7B7D733A31313A22626173655F7468656D6573223B613A303A7B7D7D', 0, 1369166098),
(57, 'update_fetch_tasks', x'613A383A7B733A343A226E616D65223B733A393A226C6962726172696573223B733A343A22696E666F223B613A363A7B733A343A226E616D65223B733A393A224C6962726172696573223B733A373A2276657273696F6E223B733A373A22372E782D322E31223B733A373A2270726F6A656374223B733A393A226C6962726172696573223B733A393A22646174657374616D70223B733A31303A2231333632383438343132223B733A373A227061636B616765223B733A353A224F74686572223B733A31363A225F696E666F5F66696C655F6374696D65223B693A313336383537333838373B7D733A393A22646174657374616D70223B733A31303A2231333632383438343132223B733A383A22696E636C75646573223B613A313A7B733A393A226C6962726172696573223B733A393A224C6962726172696573223B7D733A31323A2270726F6A6563745F74797065223B733A363A226D6F64756C65223B733A31343A2270726F6A6563745F737461747573223B623A313B733A31303A227375625F7468656D6573223B613A303A7B7D733A31313A22626173655F7468656D6573223B613A303A7B7D7D', 0, 1369166099);
--
-- Сreating keys for queue
--
ALTER TABLE queue
  ADD INDEX expire (expire);

ALTER TABLE queue
  ADD INDEX name_created (name, created);

--
-- Inserting data into table search_dataset
--
INSERT INTO search_dataset(sid, type, data, reindex) VALUES
(1, 'node', ' slideshow2 lorem ipsum dolor amet consectetur lorem ipsum dolor sit amet consectetur adipiscing elit duis tempus sollicitudin pellentesque pellentesque dictum lacus sit amet faucibus bibendum nulla quam tempus felis at bibendum quam mi id lectus maecenas risus metus consequat ac tristique sed accumsan eu arcu aliquam sapien lorem consequat dapibus tempor et cursus vitae quam  ', 0),
(2, 'node', ' slideshow1 lorem ipsum dolor amet consectetur lorem ipsum dolor sit amet consectetur adipiscing elit duis tempus sollicitudin pellentesque pellentesque dictum lacus sit amet faucibus bibendum nulla quam tempus felis at bibendum quam mi id lectus maecenas risus metus consequat ac tristique sed accumsan eu arcu aliquam sapien lorem consequat dapibus tempor et cursus vitae quam  ', 0),
(3, 'node', ' duis tempus sollicitudin pellentesque admin s blog donec id nunc id velit vehicula vulputate a ac neque etiam commodo mattis posuere suspendisse accumsan pretium aliquet curabitur ac eros turpis nam eget dui neque donec sit amet nulla vel quam suscipit ultrices tempus eget lectus ac eros turpis  ', 0),
(4, 'node', ' neque porro quisquam admin s blog donec id nunc id velit vehicula vulputate a ac neque etiam commodo mattis posuere suspendisse accumsan pretium aliquet curabitur ac eros turpis nam eget dui neque donec sit amet nulla vel quam suscipit ultrices tempus eget lectus suspendisse  ', 0),
(5, 'node', ' duis tempus sollicitudin pellentesque admin s blog donec id nunc id velit vehicula vulputate a ac neque etiam commodo mattis posuere suspendisse accumsan pretium aliquet  ', 0),
(6, 'node', ' ex modus scriptorem quo tacimates invenire ut vim integre quaerendum conclusionemque unum percipit abhorreant ad per option comprehensam no vis summo everti fabulas cum ad mei elit reque eu ut eius dicunt adversarium nec eu mei veri vidit omnis porro scribentur qui in ei nostro percipitur duo ius ne cotidieque deterruisset accusam perfecto pri id ne vide inani has ea mei tale cibo epicurei agam movet zril et vis omnesque temporibus ei mea mel nonumes lucilius perfecto ea est tale epicuri euripidis et quo percipit tacimates invenire cu et docendi dolores mnesarchum sed quem dissentiunt complectitur usu in stet minim mazim id pro eam legere nostro cu mei an detracto evertitur persecuti summo invidunt electram duo no nam euismod nominavi deseruisse ex solbbit his at percipit abhorreant ad per option comprehensam no vis summo everti fabulas cum ad mei elit reque eu ut eius dicunt adversarium nec eu mei veri vidit omnis porro scribentur qui in ei nostro percipitur duo ius ne cotidieque deterruisset accusam perfecto pri id ne vide inani has ea mei tale cibo epicurei agam movet zril et vis omnesque temporibus ei mea mel nonumes lucilius perfecto ea est tale epicuri euripidis et quo percipit tacimates invenire cu et docendi dolores mnesarchum sed quem dissentiunt complectitur usu in stet minim mazim id pro eam legere nostro cu mei an detracto evertitur persecuti summo invidunt electram duo no nam euismod nominavi deseruisse ex solbbit his at  ', 0);
--
-- Drop keys of search_index
--
ALTER TABLE search_index
  DROP INDEX sid_type,
  CHANGE COLUMN word word VARCHAR(50) NOT NULL DEFAULT '' COMMENT 'The search_total.word that is associated with the search item.',
  CHANGE COLUMN sid sid INT(10) UNSIGNED NOT NULL DEFAULT 0 COMMENT 'The search_dataset.sid of the searchable item to which the word belongs.',
  CHANGE COLUMN type type VARCHAR(16) NOT NULL COMMENT 'The search_dataset.type of the searchable item to which the word belongs.';

--
-- Inserting data into table search_index
--
INSERT INTO search_index(word, sid, type, score) VALUES
('abhorreant', 6, 'node', 2),
('accumsan', 1, 'node', 1),
('accumsan', 2, 'node', 1),
('accumsan', 3, 'node', 1),
('accumsan', 4, 'node', 1),
('accumsan', 5, 'node', 1),
('accusam', 6, 'node', 2),
('adipiscing', 1, 'node', 1),
('adipiscing', 2, 'node', 1),
('admin', 3, 'node', 11),
('admin', 4, 'node', 11),
('admin', 5, 'node', 11),
('adversarium', 6, 'node', 2),
('agam', 6, 'node', 2),
('aliquam', 1, 'node', 1),
('aliquam', 2, 'node', 1),
('aliquet', 3, 'node', 1),
('aliquet', 4, 'node', 1),
('aliquet', 5, 'node', 1),
('amet', 1, 'node', 21),
('amet', 2, 'node', 21),
('amet', 3, 'node', 1),
('amet', 4, 'node', 1),
('arcu', 1, 'node', 1),
('arcu', 2, 'node', 1),
('bibendum', 1, 'node', 2),
('bibendum', 2, 'node', 2),
('blog', 3, 'node', 11),
('blog', 4, 'node', 11),
('blog', 5, 'node', 11),
('cibo', 6, 'node', 2),
('commodo', 3, 'node', 1),
('commodo', 4, 'node', 1),
('commodo', 5, 'node', 1),
('complectitur', 6, 'node', 2),
('comprehensam', 6, 'node', 2),
('conclusionemque', 6, 'node', 1),
('consectetur', 1, 'node', 20),
('consectetur', 2, 'node', 20),
('consequat', 1, 'node', 2),
('consequat', 2, 'node', 2),
('cotidieque', 6, 'node', 2),
('cum', 6, 'node', 2),
('curabitur', 3, 'node', 1),
('curabitur', 4, 'node', 1),
('cursus', 1, 'node', 1),
('cursus', 2, 'node', 1),
('dapibus', 1, 'node', 1),
('dapibus', 2, 'node', 1),
('deseruisse', 6, 'node', 2),
('deterruisset', 6, 'node', 2),
('detracto', 6, 'node', 2),
('dictum', 1, 'node', 1),
('dictum', 2, 'node', 1),
('dicunt', 6, 'node', 2),
('dissentiunt', 6, 'node', 2),
('docendi', 6, 'node', 2),
('dolor', 1, 'node', 20),
('dolor', 2, 'node', 20),
('dolores', 6, 'node', 2),
('donec', 3, 'node', 2),
('donec', 4, 'node', 2),
('donec', 5, 'node', 1),
('dui', 3, 'node', 1),
('dui', 4, 'node', 1),
('duis', 1, 'node', 1),
('duis', 2, 'node', 1),
('duis', 3, 'node', 26),
('duis', 5, 'node', 26),
('duo', 6, 'node', 4),
('eam', 6, 'node', 2),
('eget', 3, 'node', 2),
('eget', 4, 'node', 2),
('eius', 6, 'node', 2),
('electram', 6, 'node', 2),
('elit', 1, 'node', 1),
('elit', 2, 'node', 1),
('elit', 6, 'node', 2),
('epicurei', 6, 'node', 2),
('epicuri', 6, 'node', 2),
('eros', 3, 'node', 2),
('eros', 4, 'node', 1),
('est', 6, 'node', 2),
('etiam', 3, 'node', 1),
('etiam', 4, 'node', 1),
('etiam', 5, 'node', 1),
('euismod', 6, 'node', 2),
('euripidis', 6, 'node', 2),
('everti', 6, 'node', 2),
('evertitur', 6, 'node', 2),
('fabulas', 6, 'node', 2),
('faucibus', 1, 'node', 1),
('faucibus', 2, 'node', 1),
('felis', 1, 'node', 1),
('felis', 2, 'node', 1),
('has', 6, 'node', 2),
('his', 6, 'node', 2),
('inani', 6, 'node', 2),
('integre', 6, 'node', 1),
('invenire', 6, 'node', 21),
('invidunt', 6, 'node', 2),
('ipsum', 1, 'node', 20),
('ipsum', 2, 'node', 20),
('ius', 6, 'node', 2),
('lacus', 1, 'node', 1),
('lacus', 2, 'node', 1),
('lectus', 1, 'node', 1),
('lectus', 2, 'node', 1),
('lectus', 3, 'node', 1),
('lectus', 4, 'node', 1),
('legere', 6, 'node', 2),
('lorem', 1, 'node', 21),
('lorem', 2, 'node', 21),
('lucilius', 6, 'node', 2),
('maecenas', 1, 'node', 1),
('maecenas', 2, 'node', 1),
('mattis', 3, 'node', 1),
('mattis', 4, 'node', 1),
('mattis', 5, 'node', 1),
('mazim', 6, 'node', 2),
('mea', 6, 'node', 2),
('mei', 6, 'node', 8),
('mel', 6, 'node', 2),
('metus', 1, 'node', 1),
('metus', 2, 'node', 1),
('minim', 6, 'node', 2),
('mnesarchum', 6, 'node', 2),
('modus', 6, 'node', 26),
('movet', 6, 'node', 2),
('nam', 3, 'node', 1),
('nam', 4, 'node', 1),
('nam', 6, 'node', 2),
('nec', 6, 'node', 2),
('neque', 3, 'node', 2),
('neque', 4, 'node', 28),
('neque', 5, 'node', 1),
('nominavi', 6, 'node', 2),
('nonumes', 6, 'node', 2),
('nostro', 6, 'node', 4),
('nulla', 1, 'node', 1),
('nulla', 2, 'node', 1),
('nulla', 3, 'node', 1),
('nulla', 4, 'node', 1),
('nunc', 3, 'node', 1),
('nunc', 4, 'node', 1),
('nunc', 5, 'node', 1),
('omnesque', 6, 'node', 2),
('omnis', 6, 'node', 2),
('option', 6, 'node', 2),
('pellentesque', 1, 'node', 2),
('pellentesque', 2, 'node', 2),
('pellentesque', 3, 'node', 26),
('pellentesque', 5, 'node', 26),
('per', 6, 'node', 2),
('percipit', 6, 'node', 4),
('percipitur', 6, 'node', 2),
('perfecto', 6, 'node', 4),
('persecuti', 6, 'node', 2),
('porro', 4, 'node', 26),
('porro', 6, 'node', 2),
('posuere', 3, 'node', 1),
('posuere', 4, 'node', 1),
('posuere', 5, 'node', 1),
('pretium', 3, 'node', 1),
('pretium', 4, 'node', 1),
('pretium', 5, 'node', 1),
('pri', 6, 'node', 2),
('pro', 6, 'node', 2),
('quaerendum', 6, 'node', 1),
('quam', 1, 'node', 3),
('quam', 2, 'node', 3),
('quam', 3, 'node', 1),
('quam', 4, 'node', 1),
('quem', 6, 'node', 2),
('qui', 6, 'node', 2),
('quisquam', 4, 'node', 26),
('quo', 6, 'node', 28),
('reque', 6, 'node', 2),
('risus', 1, 'node', 1),
('risus', 2, 'node', 1),
('sapien', 1, 'node', 1),
('sapien', 2, 'node', 1),
('scribentur', 6, 'node', 2),
('scriptorem', 6, 'node', 26),
('sed', 1, 'node', 1),
('sed', 2, 'node', 1),
('sed', 6, 'node', 2),
('sit', 1, 'node', 2),
('sit', 2, 'node', 2),
('sit', 3, 'node', 1),
('sit', 4, 'node', 1),
('slideshow1', 2, 'node', 26),
('slideshow2', 1, 'node', 26),
('solbbit', 6, 'node', 2),
('sollicitudin', 1, 'node', 1),
('sollicitudin', 2, 'node', 1),
('sollicitudin', 3, 'node', 26),
('sollicitudin', 5, 'node', 26),
('stet', 6, 'node', 2),
('summo', 6, 'node', 4),
('suscipit', 3, 'node', 1),
('suscipit', 4, 'node', 1),
('suspendisse', 3, 'node', 1),
('suspendisse', 4, 'node', 2),
('suspendisse', 5, 'node', 1),
('tacimates', 6, 'node', 21),
('tale', 6, 'node', 4),
('tempor', 1, 'node', 1),
('tempor', 2, 'node', 1),
('temporibus', 6, 'node', 2),
('tempus', 1, 'node', 2),
('tempus', 2, 'node', 2),
('tempus', 3, 'node', 27),
('tempus', 4, 'node', 1),
('tempus', 5, 'node', 26),
('tristique', 1, 'node', 1),
('tristique', 2, 'node', 1),
('turpis', 3, 'node', 2),
('turpis', 4, 'node', 1),
('ultrices', 3, 'node', 1),
('ultrices', 4, 'node', 1),
('unum', 6, 'node', 1),
('usu', 6, 'node', 2),
('vehicula', 3, 'node', 1),
('vehicula', 4, 'node', 1),
('vehicula', 5, 'node', 1),
('vel', 3, 'node', 1),
('vel', 4, 'node', 1),
('velit', 3, 'node', 1),
('velit', 4, 'node', 1),
('velit', 5, 'node', 1),
('veri', 6, 'node', 2),
('vide', 6, 'node', 2),
('vidit', 6, 'node', 2),
('vim', 6, 'node', 1),
('vis', 6, 'node', 4),
('vitae', 1, 'node', 1),
('vitae', 2, 'node', 1),
('vulputate', 3, 'node', 1),
('vulputate', 4, 'node', 1),
('vulputate', 5, 'node', 1),
('zril', 6, 'node', 2);
--
-- Сreating keys for search_index
--
ALTER TABLE search_index
  ADD INDEX sid_type (sid, type);

--
-- Inserting data into table search_total
--
INSERT INTO search_total(word, count) VALUES
('abhorreant', 0.176091),
('accumsan', 0.0791812),
('accusam', 0.176091),
('adipiscing', 0.176091),
('admin', 0.012965),
('adversarium', 0.176091),
('agam', 0.176091),
('aliquam', 0.176091),
('aliquet', 0.124939),
('amet', 0.00975984),
('arcu', 0.176091),
('bibendum', 0.09691),
('blog', 0.012965),
('cibo', 0.176091),
('commodo', 0.124939),
('complectitur', 0.176091),
('comprehensam', 0.176091),
('conclusionemque', 0.30103),
('consectetur', 0.0107239),
('consequat', 0.09691),
('cotidieque', 0.176091),
('cum', 0.176091),
('curabitur', 0.176091),
('cursus', 0.176091),
('dapibus', 0.176091),
('deseruisse', 0.176091),
('deterruisset', 0.176091),
('detracto', 0.176091),
('dictum', 0.176091),
('dicunt', 0.176091),
('dissentiunt', 0.176091),
('docendi', 0.176091),
('dolor', 0.0107239),
('dolores', 0.176091),
('donec', 0.0791812),
('dui', 0.176091),
('duis', 0.00796893),
('duo', 0.09691),
('eam', 0.176091),
('eget', 0.09691),
('eius', 0.176091),
('electram', 0.176091),
('elit', 0.09691),
('epicurei', 0.176091),
('epicuri', 0.176091),
('eros', 0.124939),
('est', 0.176091),
('etiam', 0.124939),
('euismod', 0.176091),
('euripidis', 0.176091),
('everti', 0.176091),
('evertitur', 0.176091),
('fabulas', 0.176091),
('faucibus', 0.176091),
('felis', 0.176091),
('has', 0.176091),
('his', 0.176091),
('inani', 0.176091),
('integre', 0.30103),
('invenire', 0.0202034),
('invidunt', 0.176091),
('ipsum', 0.0107239),
('ius', 0.176091),
('lacus', 0.176091),
('lectus', 0.09691),
('legere', 0.176091),
('lorem', 0.0102192),
('lucilius', 0.176091),
('maecenas', 0.176091),
('mattis', 0.124939),
('mazim', 0.176091),
('mea', 0.176091),
('mei', 0.0511525),
('mel', 0.176091),
('metus', 0.176091),
('minim', 0.176091),
('mnesarchum', 0.176091),
('modus', 0.0163904),
('movet', 0.176091),
('nam', 0.09691),
('nec', 0.176091),
('neque', 0.0137883),
('nominavi', 0.176091),
('nonumes', 0.176091),
('nostro', 0.09691),
('nulla', 0.09691),
('nunc', 0.124939),
('omnesque', 0.176091),
('omnis', 0.176091),
('option', 0.176091),
('pellentesque', 0.00768683),
('per', 0.176091),
('percipit', 0.09691),
('percipitur', 0.176091),
('perfecto', 0.09691),
('persecuti', 0.176091),
('porro', 0.01524),
('posuere', 0.124939),
('pretium', 0.124939),
('pri', 0.176091),
('pro', 0.176091),
('quaerendum', 0.30103),
('quam', 0.0511525),
('quem', 0.176091),
('qui', 0.176091),
('quisquam', 0.0163904),
('quo', 0.01524),
('reque', 0.176091),
('risus', 0.176091),
('sapien', 0.176091),
('scribentur', 0.176091),
('scriptorem', 0.0163904),
('sed', 0.09691),
('sit', 0.0669468),
('slideshow1', 0.0163904),
('slideshow2', 0.0163904),
('solbbit', 0.176091),
('sollicitudin', 0.00796893),
('stet', 0.176091),
('summo', 0.09691),
('suscipit', 0.176091),
('suspendisse', 0.09691),
('tacimates', 0.0202034),
('tale', 0.09691),
('tempor', 0.176091),
('temporibus', 0.176091),
('tempus', 0.00742402),
('tristique', 0.176091),
('turpis', 0.124939),
('ultrices', 0.176091),
('unum', 0.30103),
('usu', 0.176091),
('vehicula', 0.124939),
('vel', 0.176091),
('velit', 0.124939),
('veri', 0.176091),
('vide', 0.176091),
('vidit', 0.176091),
('vim', 0.30103),
('vis', 0.09691),
('vitae', 0.176091),
('vulputate', 0.124939),
('zril', 0.176091);
--
-- Deleting data from table sequences
--

DELETE FROM sequences WHERE value = 1;
--
-- Inserting data into table sequences
--
INSERT INTO sequences(value) VALUES
(7);
--
-- Updating data of table system
--
UPDATE system SET info = x'613A31333A7B733A343A226E616D65223B733A343A2254657874223B733A31313A226465736372697074696F6E223B733A33323A22446566696E65732073696D706C652074657874206669656C642074797065732E223B733A373A227061636B616765223B733A343A22436F7265223B733A373A2276657273696F6E223B733A343A22372E3232223B733A343A22636F7265223B733A333A22372E78223B733A31323A22646570656E64656E63696573223B613A313A7B693A303B733A353A226669656C64223B7D733A353A2266696C6573223B613A313A7B693A303B733A393A22746578742E74657374223B7D733A383A227265717569726564223B623A313B733A373A2270726F6A656374223B733A363A2264727570616C223B733A393A22646174657374616D70223B733A31303A2231333635303237303132223B733A333A22706870223B733A353A22352E322E34223B733A393A22626F6F747374726170223B693A303B733A31313A226578706C616E6174696F6E223B733A39313A224669656C64207479706528732920696E20757365202D20736565203C6120687265663D222F706C616E74696C6C615F64657364655F302F61646D696E2F7265706F7274732F6669656C6473223E4669656C64206C6973743C2F613E223B7D' WHERE filename = 'modules/field/modules/text/text.module';
UPDATE system SET info = x'613A31343A7B733A343A226E616D65223B733A353A22496D616765223B733A31313A226465736372697074696F6E223B733A33343A2250726F766964657320696D616765206D616E6970756C6174696F6E20746F6F6C732E223B733A373A227061636B616765223B733A343A22436F7265223B733A373A2276657273696F6E223B733A343A22372E3232223B733A343A22636F7265223B733A333A22372E78223B733A31323A22646570656E64656E63696573223B613A313A7B693A303B733A343A2266696C65223B7D733A353A2266696C6573223B613A313A7B693A303B733A31303A22696D6167652E74657374223B7D733A393A22636F6E666967757265223B733A33313A2261646D696E2F636F6E6669672F6D656469612F696D6167652D7374796C6573223B733A373A2270726F6A656374223B733A363A2264727570616C223B733A393A22646174657374616D70223B733A31303A2231333635303237303132223B733A333A22706870223B733A353A22352E322E34223B733A393A22626F6F747374726170223B693A303B733A383A227265717569726564223B623A313B733A31313A226578706C616E6174696F6E223B733A39313A224669656C64207479706528732920696E20757365202D20736565203C6120687265663D222F706C616E74696C6C615F64657364655F302F61646D696E2F7265706F7274732F6669656C6473223E4669656C64206C6973743C2F613E223B7D' WHERE filename = 'modules/image/image.module';
UPDATE system SET info = x'613A31343A7B733A343A226E616D65223B733A383A225461786F6E6F6D79223B733A31313A226465736372697074696F6E223B733A33383A22456E61626C6573207468652063617465676F72697A6174696F6E206F6620636F6E74656E742E223B733A373A227061636B616765223B733A343A22436F7265223B733A373A2276657273696F6E223B733A343A22372E3232223B733A343A22636F7265223B733A333A22372E78223B733A31323A22646570656E64656E63696573223B613A313A7B693A303B733A373A226F7074696F6E73223B7D733A353A2266696C6573223B613A323A7B693A303B733A31353A227461786F6E6F6D792E6D6F64756C65223B693A313B733A31333A227461786F6E6F6D792E74657374223B7D733A393A22636F6E666967757265223B733A32343A2261646D696E2F7374727563747572652F7461786F6E6F6D79223B733A373A2270726F6A656374223B733A363A2264727570616C223B733A393A22646174657374616D70223B733A31303A2231333635303237303132223B733A333A22706870223B733A353A22352E322E34223B733A393A22626F6F747374726170223B693A303B733A383A227265717569726564223B623A313B733A31313A226578706C616E6174696F6E223B733A39313A224669656C64207479706528732920696E20757365202D20736565203C6120687265663D222F706C616E74696C6C615F64657364655F302F61646D696E2F7265706F7274732F6669656C6473223E4669656C64206C6973743C2F613E223B7D' WHERE filename = 'modules/taxonomy/taxonomy.module';
UPDATE system SET status = 1 WHERE filename = 'sites/all/themes/velaio/velaio.info';
--
-- Updating data of table variable
--
UPDATE variable SET value = x'733A34333A226E37306F384D47556C5A482D647A737052454246754F37694946667567693041527659794E62384B4D6273223B' WHERE name = 'cron_key';
UPDATE variable SET value = x'693A313336393136363038343B' WHERE name = 'cron_last';
UPDATE variable SET value = x'733A363A226D6E3635336A223B' WHERE name = 'css_js_query_string';
UPDATE variable SET value = x'733A34333A2238646B775A6F7A5037586853776A63434D63575463656D5F316B79744E555946374B79746E51414B4C6638223B' WHERE name = 'drupal_private_key';
UPDATE variable SET value = x'693A313336383537333535373B' WHERE name = 'install_time';
UPDATE variable SET value = x'613A313A7B693A303B733A393A226D61696E2D6D656E75223B7D' WHERE name = 'menu_expanded';
UPDATE variable SET value = x'733A363A2276656C61696F223B' WHERE name = 'theme_default';
--
-- Inserting data into table variable
--
INSERT INTO variable(name, value) VALUES
('additional_settings__active_tab_blog', x'733A393A22656469742D6D656E75223B'),
('additional_settings__active_tab_slideshow_homepage', x'733A393A22656469742D6D656E75223B'),
('comment_anonymous_blog', x'693A303B'),
('comment_anonymous_slideshow_homepage', x'693A303B'),
('comment_blog', x'733A313A2231223B'),
('comment_default_mode_blog', x'693A303B'),
('comment_default_mode_slideshow_homepage', x'693A303B'),
('comment_default_per_page_blog', x'733A323A223130223B'),
('comment_default_per_page_slideshow_homepage', x'733A323A223130223B'),
('comment_form_location_blog', x'693A303B'),
('comment_form_location_slideshow_homepage', x'693A303B'),
('comment_preview_blog', x'733A313A2230223B'),
('comment_preview_slideshow_homepage', x'733A313A2230223B'),
('comment_slideshow_homepage', x'733A313A2231223B'),
('comment_subject_field_blog', x'693A303B'),
('comment_subject_field_slideshow_homepage', x'693A303B'),
('ctools_last_cron', x'693A313336393134333039393B'),
('drupal_http_request_fails', x'623A313B'),
('field_bundle_settings_node__blog', x'613A323A7B733A31303A22766965775F6D6F646573223B613A353A7B733A363A22746561736572223B613A313A7B733A31353A22637573746F6D5F73657474696E6773223B623A313B7D733A343A2266756C6C223B613A313A7B733A31353A22637573746F6D5F73657474696E6773223B623A303B7D733A333A22727373223B613A313A7B733A31353A22637573746F6D5F73657474696E6773223B623A303B7D733A31323A227365617263685F696E646578223B613A313A7B733A31353A22637573746F6D5F73657474696E6773223B623A303B7D733A31333A227365617263685F726573756C74223B613A313A7B733A31353A22637573746F6D5F73657474696E6773223B623A303B7D7D733A31323A2265787472615F6669656C6473223B613A323A7B733A343A22666F726D223B613A313A7B733A353A227469746C65223B613A313A7B733A363A22776569676874223B733A323A222D35223B7D7D733A373A22646973706C6179223B613A303A7B7D7D7D'),
('field_bundle_settings_node__slideshow_homepage', x'613A323A7B733A31303A22766965775F6D6F646573223B613A353A7B733A363A22746561736572223B613A313A7B733A31353A22637573746F6D5F73657474696E6773223B623A313B7D733A343A2266756C6C223B613A313A7B733A31353A22637573746F6D5F73657474696E6773223B623A303B7D733A333A22727373223B613A313A7B733A31353A22637573746F6D5F73657474696E6773223B623A303B7D733A31323A227365617263685F696E646578223B613A313A7B733A31353A22637573746F6D5F73657474696E6773223B623A303B7D733A31333A227365617263685F726573756C74223B613A313A7B733A31353A22637573746F6D5F73657474696E6773223B623A303B7D7D733A31323A2265787472615F6669656C6473223B613A323A7B733A343A22666F726D223B613A313A7B733A353A227469746C65223B613A313A7B733A363A22776569676874223B733A313A2230223B7D7D733A373A22646973706C6179223B613A303A7B7D7D7D'),
('file_temporary_path', x'733A31353A22433A5C57696E646F77735C54656D70223B'),
('image_jpeg_quality', x'733A323A223935223B'),
('image_toolkit', x'733A323A226764223B'),
('menu_options_blog', x'613A313A7B693A303B733A393A226D61696E2D6D656E75223B7D'),
('menu_options_slideshow_homepage', x'613A313A7B693A303B733A393A226D61696E2D6D656E75223B7D'),
('menu_parent_blog', x'733A31313A226D61696E2D6D656E753A30223B'),
('menu_parent_slideshow_homepage', x'733A31313A226D61696E2D6D656E753A30223B'),
('node_cron_last', x'733A31303A2231333638363234313532223B'),
('node_options_blog', x'613A313A7B693A303B733A363A22737461747573223B7D'),
('node_options_slideshow_homepage', x'613A313A7B693A303B733A363A22737461747573223B7D'),
('node_preview_blog', x'733A313A2231223B'),
('node_preview_slideshow_homepage', x'733A313A2231223B'),
('node_submitted_blog', x'693A313B'),
('node_submitted_slideshow_homepage', x'693A303B'),
('save_continue_slideshow_homepage', x'733A31393A225361766520616E6420616464206669656C6473223B'),
('theme_velaio_settings', x'613A3334363A7B733A31313A22746F67676C655F6C6F676F223B693A303B733A31313A22746F67676C655F6E616D65223B693A303B733A31333A22746F67676C655F736C6F67616E223B693A303B733A32343A22746F67676C655F6E6F64655F757365725F70696374757265223B693A313B733A32373A22746F67676C655F636F6D6D656E745F757365725F70696374757265223B693A313B733A33323A22746F67676C655F636F6D6D656E745F757365725F766572696669636174696F6E223B693A313B733A31343A22746F67676C655F66617669636F6E223B693A303B733A31363A22746F67676C655F6D61696E5F6D656E75223B693A303B733A32313A22746F67676C655F7365636F6E646172795F6D656E75223B693A303B733A31323A2264656661756C745F6C6F676F223B693A313B733A393A226C6F676F5F70617468223B733A303A22223B733A31313A226C6F676F5F75706C6F6164223B733A303A22223B733A31353A2264656661756C745F66617669636F6E223B693A313B733A31323A2266617669636F6E5F70617468223B733A303A22223B733A31343A2266617669636F6E5F75706C6F6164223B733A303A22223B733A31303A22616C7068615F67726964223B733A31333A22616C7068615F64656661756C74223B733A31363A22616C7068615F726573706F6E73697665223B693A313B733A31343A22616C7068615F76696577706F7274223B693A303B733A32383A22616C7068615F76696577706F72745F696E697469616C5F7363616C65223B733A313A2231223B733A32343A22616C7068615F76696577706F72745F6D696E5F7363616C65223B733A313A2231223B733A32343A22616C7068615F76696577706F72745F6D61785F7363616C65223B733A313A2231223B733A32393A22616C7068615F76696577706F72745F757365725F7363616C6561626C65223B693A303B733A32373A22616C7068615F7072696D6172795F616C7068615F64656661756C74223B733A363A226E6F726D616C223B733A34353A22616C7068615F6C61796F7574735F616C7068615F64656661756C745F6E6172726F775F726573706F6E73697665223B693A313B733A34313A22616C7068615F6C61796F7574735F616C7068615F64656661756C745F6E6172726F775F776569676874223B733A313A2231223B733A34303A22616C7068615F6C61796F7574735F616C7068615F64656661756C745F6E6172726F775F6D65646961223B733A3133343A22616C6C20616E6420286D696E2D77696474683A2037343070782920616E6420286D696E2D6465766963652D77696474683A203734307078292C20286D61782D6465766963652D77696474683A2038303070782920616E6420286D696E2D77696474683A2037343070782920616E6420286F7269656E746174696F6E3A6C616E64736361706529223B733A34353A22616C7068615F6C61796F7574735F616C7068615F64656661756C745F6E6F726D616C5F726573706F6E73697665223B693A313B733A34313A22616C7068615F6C61796F7574735F616C7068615F64656661756C745F6E6F726D616C5F776569676874223B733A313A2232223B733A34303A22616C7068615F6C61796F7574735F616C7068615F64656661756C745F6E6F726D616C5F6D65646961223B733A3134343A22616C6C20616E6420286D696E2D77696474683A2039383070782920616E6420286D696E2D6465766963652D77696474683A203938307078292C20616C6C20616E6420286D61782D6465766963652D77696474683A203130323470782920616E6420286D696E2D77696474683A203130323470782920616E6420286F7269656E746174696F6E3A6C616E64736361706529223B733A34333A22616C7068615F6C61796F7574735F616C7068615F64656661756C745F776964655F726573706F6E73697665223B693A303B733A33393A22616C7068615F6C61796F7574735F616C7068615F64656661756C745F776964655F776569676874223B733A313A2233223B733A33383A22616C7068615F6C61796F7574735F616C7068615F64656661756C745F776964655F6D65646961223B733A32373A22616C6C20616E6420286D696E2D77696474683A2031323230707829223B733A34343A22616C7068615F6C61796F7574735F616C7068615F64656661756C745F666C7569645F726573706F6E73697665223B693A303B733A34303A22616C7068615F6C61796F7574735F616C7068615F64656661756C745F666C7569645F776569676874223B733A313A2230223B733A33393A22616C7068615F6C61796F7574735F616C7068615F64656661756C745F666C7569645F6D65646961223B733A3133343A22616C6C20616E6420286D696E2D77696474683A2032343070782920616E6420286D696E2D6465766963652D77696474683A203234307078292C20286D61782D6465766963652D77696474683A2034383070782920616E6420286D696E2D77696474683A2034383070782920616E6420286F7269656E746174696F6E3A6C616E64736361706529223B733A32353A22616C7068615F7072696D6172795F616C7068615F666C756964223B733A363A226E6F726D616C223B733A34333A22616C7068615F6C61796F7574735F616C7068615F666C7569645F6E6F726D616C5F726573706F6E73697665223B693A303B733A33393A22616C7068615F6C61796F7574735F616C7068615F666C7569645F6E6F726D616C5F776569676874223B733A313A2230223B733A33383A22616C7068615F6C61796F7574735F616C7068615F666C7569645F6E6F726D616C5F6D65646961223B733A3133343A22616C6C20616E6420286D696E2D77696474683A2037343070782920616E6420286D696E2D6465766963652D77696474683A203734307078292C20286D61782D6465766963652D77696474683A2038303070782920616E6420286D696E2D77696474683A2037343070782920616E6420286F7269656E746174696F6E3A6C616E64736361706529223B733A31353A22616C7068615F6C6962726172696573223B613A333A7B733A31353A226F6D6567615F666F726D616C697A65223B733A31353A226F6D6567615F666F726D616C697A65223B733A31383A226F6D6567615F6D6564696171756572696573223B733A31383A226F6D6567615F6D6564696171756572696573223B733A31383A226F6D6567615F657175616C68656967687473223B693A303B7D733A393A22616C7068615F637373223B613A393A7B733A31353A22616C7068612D72657365742E637373223B733A31353A22616C7068612D72657365742E637373223B733A31363A22616C7068612D6D6F62696C652E637373223B733A31363A22616C7068612D6D6F62696C652E637373223B733A31353A22616C7068612D616C7068612E637373223B733A31353A22616C7068612D616C7068612E637373223B733A31343A226F6D6567612D746578742E637373223B733A31343A226F6D6567612D746578742E637373223B733A31383A226F6D6567612D6272616E64696E672E637373223B733A31383A226F6D6567612D6272616E64696E672E637373223B733A31343A226F6D6567612D6D656E752E637373223B733A31343A226F6D6567612D6D656E752E637373223B733A31353A226F6D6567612D666F726D732E637373223B733A31353A226F6D6567612D666F726D732E637373223B733A31373A226F6D6567612D76697375616C732E637373223B733A31373A226F6D6567612D76697375616C732E637373223B733A31303A22676C6F62616C2E637373223B733A31303A22676C6F62616C2E637373223B7D733A31333A22616C7068615F6578636C756465223B613A33303A7B733A32373A226D6F64756C65732F636F6D6D656E742F636F6D6D656E742E637373223B693A303B733A32393A226D6F64756C65732F6669656C642F7468656D652F6669656C642E637373223B693A303B733A32313A226D6F64756C65732F6E6F64652F6E6F64652E637373223B693A303B733A32353A226D6F64756C65732F7365617263682F7365617263682E637373223B693A303B733A32313A226D6F64756C65732F757365722F757365722E637373223B693A303B733A33373A2273697465732F616C6C2F6D6F64756C65732F76696577732F6373732F76696577732E637373223B693A303B733A32323A226D6973632F766572746963616C2D746162732E637373223B693A303B733A33333A226D6F64756C65732F61676772656761746F722F61676772656761746F722E637373223B693A303B733A32333A226D6F64756C65732F626C6F636B2F626C6F636B2E637373223B693A303B733A32333A226D6F64756C65732F64626C6F672F64626C6F672E637373223B693A303B733A32313A226D6F64756C65732F66696C652F66696C652E637373223B693A303B733A32353A226D6F64756C65732F66696C7465722F66696C7465722E637373223B693A303B733A32313A226D6F64756C65732F68656C702F68656C702E637373223B693A303B733A32313A226D6F64756C65732F6D656E752F6D656E752E637373223B693A303B733A32353A226D6F64756C65732F6F70656E69642F6F70656E69642E637373223B693A303B733A32373A226D6F64756C65732F70726F66696C652F70726F66696C652E637373223B693A303B733A33333A226D6F64756C65732F737461746973746963732F737461746973746963732E637373223B693A303B733A32353A226D6F64756C65732F7379736C6F672F7379736C6F672E637373223B693A303B733A32343A226D6F64756C65732F73797374656D2F61646D696E2E637373223B693A303B733A33303A226D6F64756C65732F73797374656D2F6D61696E74656E616E63652E637373223B693A303B733A32353A226D6F64756C65732F73797374656D2F73797374656D2E637373223B693A303B733A33313A226D6F64756C65732F73797374656D2F73797374656D2E61646D696E2E637373223B693A303B733A33303A226D6F64756C65732F73797374656D2F73797374656D2E626173652E637373223B693A303B733A33373A226D6F64756C65732F73797374656D2F73797374656D2E6D61696E74656E616E63652E637373223B693A303B733A33313A226D6F64756C65732F73797374656D2F73797374656D2E6D656E75732E637373223B693A303B733A33343A226D6F64756C65732F73797374656D2F73797374656D2E6D657373616765732E637373223B693A303B733A33313A226D6F64756C65732F73797374656D2F73797374656D2E7468656D652E637373223B693A303B733A32393A226D6F64756C65732F7461786F6E6F6D792F7461786F6E6F6D792E637373223B693A303B733A32373A226D6F64756C65732F747261636B65722F747261636B65722E637373223B693A303B733A32353A226D6F64756C65732F7570646174652F7570646174652E637373223B693A303B7D733A32343A22616C7068615F64656275675F626C6F636B5F746F67676C65223B693A313B733A32343A22616C7068615F64656275675F626C6F636B5F616374697665223B693A313B733A32333A22616C7068615F64656275675F677269645F746F67676C65223B693A313B733A32333A22616C7068615F64656275675F677269645F616374697665223B693A313B733A32323A22616C7068615F64656275675F677269645F726F6C6573223B613A333A7B693A333B733A313A2233223B693A313B693A303B693A323B693A303B7D733A32313A22616C7068615F746F67676C655F6D65737361676573223B693A313B733A32353A22616C7068615F746F67676C655F616374696F6E5F6C696E6B73223B693A313B733A31373A22616C7068615F746F67676C655F74616273223B693A313B733A32333A22616C7068615F746F67676C655F62726561646372756D62223B693A313B733A32333A22616C7068615F746F67676C655F706167655F7469746C65223B693A313B733A32333A22616C7068615F746F67676C655F666565645F69636F6E73223B693A313B733A31383A22616C7068615F68696464656E5F7469746C65223B693A303B733A32323A22616C7068615F68696464656E5F736974655F6E616D65223B693A303B733A32343A22616C7068615F68696464656E5F736974655F736C6F67616E223B693A303B733A33333A22616C7068615F726567696F6E5F64617368626F6172645F6D61696E5F666F726365223B693A303B733A33323A22616C7068615F726567696F6E5F64617368626F6172645F6D61696E5F7A6F6E65223B4E3B733A33343A22616C7068615F726567696F6E5F64617368626F6172645F6D61696E5F707265666978223B733A313A2230223B733A33353A22616C7068615F726567696F6E5F64617368626F6172645F6D61696E5F636F6C756D6E73223B733A313A2231223B733A33343A22616C7068615F726567696F6E5F64617368626F6172645F6D61696E5F737566666978223B733A313A2230223B733A33343A22616C7068615F726567696F6E5F64617368626F6172645F6D61696E5F776569676874223B733A333A222D3530223B733A33363A22616C7068615F726567696F6E5F64617368626F6172645F6D61696E5F706F736974696F6E223B733A313A2230223B733A33313A22616C7068615F726567696F6E5F64617368626F6172645F6D61696E5F637373223B733A303A22223B733A34383A22616C7068615F726567696F6E5F64617368626F6172645F6D61696E5F657175616C5F6865696768745F656C656D656E74223B623A303B733A35303A22616C7068615F726567696F6E5F64617368626F6172645F6D61696E5F657175616C5F6865696768745F636F6E7461696E6572223B693A303B733A33373A22616C7068615F726567696F6E5F64617368626F6172645F696E6163746976655F666F726365223B693A303B733A33363A22616C7068615F726567696F6E5F64617368626F6172645F696E6163746976655F7A6F6E65223B4E3B733A33383A22616C7068615F726567696F6E5F64617368626F6172645F696E6163746976655F707265666978223B733A313A2230223B733A33393A22616C7068615F726567696F6E5F64617368626F6172645F696E6163746976655F636F6C756D6E73223B733A313A2231223B733A33383A22616C7068615F726567696F6E5F64617368626F6172645F696E6163746976655F737566666978223B733A313A2230223B733A33383A22616C7068615F726567696F6E5F64617368626F6172645F696E6163746976655F776569676874223B733A333A222D3530223B733A34303A22616C7068615F726567696F6E5F64617368626F6172645F696E6163746976655F706F736974696F6E223B733A313A2230223B733A33353A22616C7068615F726567696F6E5F64617368626F6172645F696E6163746976655F637373223B733A303A22223B733A35323A22616C7068615F726567696F6E5F64617368626F6172645F696E6163746976655F657175616C5F6865696768745F656C656D656E74223B623A303B733A35343A22616C7068615F726567696F6E5F64617368626F6172645F696E6163746976655F657175616C5F6865696768745F636F6E7461696E6572223B693A303B733A33363A22616C7068615F726567696F6E5F64617368626F6172645F736964656261725F666F726365223B693A303B733A33353A22616C7068615F726567696F6E5F64617368626F6172645F736964656261725F7A6F6E65223B4E3B733A33373A22616C7068615F726567696F6E5F64617368626F6172645F736964656261725F707265666978223B733A313A2230223B733A33383A22616C7068615F726567696F6E5F64617368626F6172645F736964656261725F636F6C756D6E73223B733A313A2231223B733A33373A22616C7068615F726567696F6E5F64617368626F6172645F736964656261725F737566666978223B733A313A2230223B733A33373A22616C7068615F726567696F6E5F64617368626F6172645F736964656261725F776569676874223B733A333A222D3530223B733A33393A22616C7068615F726567696F6E5F64617368626F6172645F736964656261725F706F736974696F6E223B733A313A2230223B733A33343A22616C7068615F726567696F6E5F64617368626F6172645F736964656261725F637373223B733A303A22223B733A35313A22616C7068615F726567696F6E5F64617368626F6172645F736964656261725F657175616C5F6865696768745F656C656D656E74223B623A303B733A35333A22616C7068615F726567696F6E5F64617368626F6172645F736964656261725F657175616C5F6865696768745F636F6E7461696E6572223B693A303B733A32333A22616C7068615F7A6F6E655F757365725F77726170706572223B693A313B733A32313A22616C7068615F7A6F6E655F757365725F666F726365223B693A303B733A32313A22616C7068615F7A6F6E655F757365725F6F72646572223B693A303B733A32333A22616C7068615F7A6F6E655F757365725F73656374696F6E223B733A363A22686561646572223B733A32323A22616C7068615F7A6F6E655F757365725F776569676874223B733A313A2231223B733A32333A22616C7068615F7A6F6E655F757365725F636F6C756D6E73223B733A323A223132223B733A32333A22616C7068615F7A6F6E655F757365725F7072696D617279223B4E3B733A31393A22616C7068615F7A6F6E655F757365725F637373223B733A303A22223B733A32373A22616C7068615F7A6F6E655F757365725F777261707065725F637373223B733A303A22223B733A33383A22616C7068615F7A6F6E655F757365725F657175616C5F6865696768745F636F6E7461696E6572223B693A303B733A32393A22616C7068615F726567696F6E5F757365725F66697273745F666F726365223B693A303B733A32383A22616C7068615F726567696F6E5F757365725F66697273745F7A6F6E65223B733A343A2275736572223B733A33303A22616C7068615F726567696F6E5F757365725F66697273745F707265666978223B733A313A2230223B733A33313A22616C7068615F726567696F6E5F757365725F66697273745F636F6C756D6E73223B733A313A2238223B733A33303A22616C7068615F726567696F6E5F757365725F66697273745F737566666978223B733A313A2230223B733A33303A22616C7068615F726567696F6E5F757365725F66697273745F776569676874223B733A313A2231223B733A33323A22616C7068615F726567696F6E5F757365725F66697273745F706F736974696F6E223B733A313A2230223B733A32373A22616C7068615F726567696F6E5F757365725F66697273745F637373223B733A303A22223B733A34343A22616C7068615F726567696F6E5F757365725F66697273745F657175616C5F6865696768745F656C656D656E74223B693A303B733A34363A22616C7068615F726567696F6E5F757365725F66697273745F657175616C5F6865696768745F636F6E7461696E6572223B693A303B733A33303A22616C7068615F726567696F6E5F757365725F7365636F6E645F666F726365223B693A303B733A32393A22616C7068615F726567696F6E5F757365725F7365636F6E645F7A6F6E65223B733A343A2275736572223B733A33313A22616C7068615F726567696F6E5F757365725F7365636F6E645F707265666978223B733A313A2230223B733A33323A22616C7068615F726567696F6E5F757365725F7365636F6E645F636F6C756D6E73223B733A313A2234223B733A33313A22616C7068615F726567696F6E5F757365725F7365636F6E645F737566666978223B733A313A2230223B733A33313A22616C7068615F726567696F6E5F757365725F7365636F6E645F776569676874223B733A313A2232223B733A33333A22616C7068615F726567696F6E5F757365725F7365636F6E645F706F736974696F6E223B733A313A2230223B733A32383A22616C7068615F726567696F6E5F757365725F7365636F6E645F637373223B733A303A22223B733A34353A22616C7068615F726567696F6E5F757365725F7365636F6E645F657175616C5F6865696768745F656C656D656E74223B693A303B733A34373A22616C7068615F726567696F6E5F757365725F7365636F6E645F657175616C5F6865696768745F636F6E7461696E6572223B693A303B733A32373A22616C7068615F7A6F6E655F6272616E64696E675F77726170706572223B693A313B733A32353A22616C7068615F7A6F6E655F6272616E64696E675F666F726365223B693A303B733A32353A22616C7068615F7A6F6E655F6272616E64696E675F6F72646572223B693A303B733A32373A22616C7068615F7A6F6E655F6272616E64696E675F73656374696F6E223B733A363A22686561646572223B733A32363A22616C7068615F7A6F6E655F6272616E64696E675F776569676874223B733A313A2232223B733A32373A22616C7068615F7A6F6E655F6272616E64696E675F636F6C756D6E73223B733A323A223132223B733A32373A22616C7068615F7A6F6E655F6272616E64696E675F7072696D617279223B4E3B733A32333A22616C7068615F7A6F6E655F6272616E64696E675F637373223B733A303A22223B733A33313A22616C7068615F7A6F6E655F6272616E64696E675F777261707065725F637373223B733A303A22223B733A34323A22616C7068615F7A6F6E655F6272616E64696E675F657175616C5F6865696768745F636F6E7461696E6572223B693A303B733A32373A22616C7068615F726567696F6E5F6272616E64696E675F666F726365223B693A313B733A32363A22616C7068615F726567696F6E5F6272616E64696E675F7A6F6E65223B733A383A226272616E64696E67223B733A32383A22616C7068615F726567696F6E5F6272616E64696E675F707265666978223B733A313A2230223B733A32393A22616C7068615F726567696F6E5F6272616E64696E675F636F6C756D6E73223B733A323A223132223B733A32383A22616C7068615F726567696F6E5F6272616E64696E675F737566666978223B733A313A2230223B733A32383A22616C7068615F726567696F6E5F6272616E64696E675F776569676874223B733A313A2231223B733A33303A22616C7068615F726567696F6E5F6272616E64696E675F706F736974696F6E223B733A313A2230223B733A32353A22616C7068615F726567696F6E5F6272616E64696E675F637373223B733A303A22223B733A34323A22616C7068615F726567696F6E5F6272616E64696E675F657175616C5F6865696768745F656C656D656E74223B693A303B733A34343A22616C7068615F726567696F6E5F6272616E64696E675F657175616C5F6865696768745F636F6E7461696E6572223B693A303B733A32333A22616C7068615F7A6F6E655F6D656E755F77726170706572223B693A313B733A32313A22616C7068615F7A6F6E655F6D656E755F666F726365223B693A303B733A32313A22616C7068615F7A6F6E655F6D656E755F6F72646572223B693A303B733A32333A22616C7068615F7A6F6E655F6D656E755F73656374696F6E223B733A363A22686561646572223B733A32323A22616C7068615F7A6F6E655F6D656E755F776569676874223B733A313A2233223B733A32333A22616C7068615F7A6F6E655F6D656E755F636F6C756D6E73223B733A323A223132223B733A32333A22616C7068615F7A6F6E655F6D656E755F7072696D617279223B4E3B733A31393A22616C7068615F7A6F6E655F6D656E755F637373223B733A303A22223B733A32373A22616C7068615F7A6F6E655F6D656E755F777261707065725F637373223B733A303A22223B733A33383A22616C7068615F7A6F6E655F6D656E755F657175616C5F6865696768745F636F6E7461696E6572223B693A303B733A32333A22616C7068615F726567696F6E5F6D656E755F666F726365223B693A313B733A32323A22616C7068615F726567696F6E5F6D656E755F7A6F6E65223B733A343A226D656E75223B733A32343A22616C7068615F726567696F6E5F6D656E755F707265666978223B733A313A2230223B733A32353A22616C7068615F726567696F6E5F6D656E755F636F6C756D6E73223B733A323A223132223B733A32343A22616C7068615F726567696F6E5F6D656E755F737566666978223B733A313A2230223B733A32343A22616C7068615F726567696F6E5F6D656E755F776569676874223B733A313A2231223B733A32363A22616C7068615F726567696F6E5F6D656E755F706F736974696F6E223B733A313A2230223B733A32313A22616C7068615F726567696F6E5F6D656E755F637373223B733A303A22223B733A33383A22616C7068615F726567696F6E5F6D656E755F657175616C5F6865696768745F656C656D656E74223B693A303B733A34303A22616C7068615F726567696F6E5F6D656E755F657175616C5F6865696768745F636F6E7461696E6572223B693A303B733A32353A22616C7068615F7A6F6E655F6865616465725F77726170706572223B693A313B733A32333A22616C7068615F7A6F6E655F6865616465725F666F726365223B693A303B733A32333A22616C7068615F7A6F6E655F6865616465725F6F72646572223B693A303B733A32353A22616C7068615F7A6F6E655F6865616465725F73656374696F6E223B733A363A22686561646572223B733A32343A22616C7068615F7A6F6E655F6865616465725F776569676874223B733A313A2234223B733A32353A22616C7068615F7A6F6E655F6865616465725F636F6C756D6E73223B733A323A223132223B733A32353A22616C7068615F7A6F6E655F6865616465725F7072696D617279223B4E3B733A32313A22616C7068615F7A6F6E655F6865616465725F637373223B733A303A22223B733A32393A22616C7068615F7A6F6E655F6865616465725F777261707065725F637373223B733A303A22223B733A34303A22616C7068615F7A6F6E655F6865616465725F657175616C5F6865696768745F636F6E7461696E6572223B693A303B733A33313A22616C7068615F726567696F6E5F6865616465725F66697273745F666F726365223B693A303B733A33303A22616C7068615F726567696F6E5F6865616465725F66697273745F7A6F6E65223B733A363A22686561646572223B733A33323A22616C7068615F726567696F6E5F6865616465725F66697273745F707265666978223B733A313A2230223B733A33333A22616C7068615F726567696F6E5F6865616465725F66697273745F636F6C756D6E73223B733A313A2236223B733A33323A22616C7068615F726567696F6E5F6865616465725F66697273745F737566666978223B733A313A2230223B733A33323A22616C7068615F726567696F6E5F6865616465725F66697273745F776569676874223B733A313A2231223B733A33343A22616C7068615F726567696F6E5F6865616465725F66697273745F706F736974696F6E223B733A313A2230223B733A32393A22616C7068615F726567696F6E5F6865616465725F66697273745F637373223B733A303A22223B733A34363A22616C7068615F726567696F6E5F6865616465725F66697273745F657175616C5F6865696768745F656C656D656E74223B693A303B733A34383A22616C7068615F726567696F6E5F6865616465725F66697273745F657175616C5F6865696768745F636F6E7461696E6572223B693A303B733A33323A22616C7068615F726567696F6E5F6865616465725F7365636F6E645F666F726365223B693A303B733A33313A22616C7068615F726567696F6E5F6865616465725F7365636F6E645F7A6F6E65223B733A363A22686561646572223B733A33333A22616C7068615F726567696F6E5F6865616465725F7365636F6E645F707265666978223B733A313A2230223B733A33343A22616C7068615F726567696F6E5F6865616465725F7365636F6E645F636F6C756D6E73223B733A313A2236223B733A33333A22616C7068615F726567696F6E5F6865616465725F7365636F6E645F737566666978223B733A313A2230223B733A33333A22616C7068615F726567696F6E5F6865616465725F7365636F6E645F776569676874223B733A313A2232223B733A33353A22616C7068615F726567696F6E5F6865616465725F7365636F6E645F706F736974696F6E223B733A313A2230223B733A33303A22616C7068615F726567696F6E5F6865616465725F7365636F6E645F637373223B733A303A22223B733A34373A22616C7068615F726567696F6E5F6865616465725F7365636F6E645F657175616C5F6865696768745F656C656D656E74223B693A303B733A34393A22616C7068615F726567696F6E5F6865616465725F7365636F6E645F657175616C5F6865696768745F636F6E7461696E6572223B693A303B733A32363A22616C7068615F7A6F6E655F636F6E74656E745F77726170706572223B693A313B733A32343A22616C7068615F7A6F6E655F636F6E74656E745F666F726365223B693A313B733A32343A22616C7068615F7A6F6E655F636F6E74656E745F6F72646572223B693A303B733A32363A22616C7068615F7A6F6E655F636F6E74656E745F73656374696F6E223B733A373A22636F6E74656E74223B733A32353A22616C7068615F7A6F6E655F636F6E74656E745F776569676874223B733A313A2231223B733A32363A22616C7068615F7A6F6E655F636F6E74656E745F636F6C756D6E73223B733A323A223132223B733A32363A22616C7068615F7A6F6E655F636F6E74656E745F7072696D617279223B733A373A22636F6E74656E74223B733A32323A22616C7068615F7A6F6E655F636F6E74656E745F637373223B733A303A22223B733A33303A22616C7068615F7A6F6E655F636F6E74656E745F777261707065725F637373223B733A303A22223B733A34313A22616C7068615F7A6F6E655F636F6E74656E745F657175616C5F6865696768745F636F6E7461696E6572223B693A303B733A33323A22616C7068615F726567696F6E5F736964656261725F66697273745F666F726365223B693A303B733A33313A22616C7068615F726567696F6E5F736964656261725F66697273745F7A6F6E65223B733A373A22636F6E74656E74223B733A33333A22616C7068615F726567696F6E5F736964656261725F66697273745F707265666978223B733A313A2230223B733A33343A22616C7068615F726567696F6E5F736964656261725F66697273745F636F6C756D6E73223B733A313A2233223B733A33333A22616C7068615F726567696F6E5F736964656261725F66697273745F737566666978223B733A313A2230223B733A33333A22616C7068615F726567696F6E5F736964656261725F66697273745F776569676874223B733A313A2231223B733A33353A22616C7068615F726567696F6E5F736964656261725F66697273745F706F736974696F6E223B733A313A2230223B733A33303A22616C7068615F726567696F6E5F736964656261725F66697273745F637373223B733A303A22223B733A34373A22616C7068615F726567696F6E5F736964656261725F66697273745F657175616C5F6865696768745F656C656D656E74223B693A303B733A34393A22616C7068615F726567696F6E5F736964656261725F66697273745F657175616C5F6865696768745F636F6E7461696E6572223B693A303B733A32363A22616C7068615F726567696F6E5F636F6E74656E745F666F726365223B693A303B733A32353A22616C7068615F726567696F6E5F636F6E74656E745F7A6F6E65223B733A373A22636F6E74656E74223B733A32373A22616C7068615F726567696F6E5F636F6E74656E745F707265666978223B733A313A2230223B733A32383A22616C7068615F726567696F6E5F636F6E74656E745F636F6C756D6E73223B733A313A2236223B733A32373A22616C7068615F726567696F6E5F636F6E74656E745F737566666978223B733A313A2230223B733A32373A22616C7068615F726567696F6E5F636F6E74656E745F776569676874223B733A313A2232223B733A32393A22616C7068615F726567696F6E5F636F6E74656E745F706F736974696F6E223B733A313A2230223B733A32343A22616C7068615F726567696F6E5F636F6E74656E745F637373223B733A303A22223B733A34313A22616C7068615F726567696F6E5F636F6E74656E745F657175616C5F6865696768745F656C656D656E74223B693A303B733A34333A22616C7068615F726567696F6E5F636F6E74656E745F657175616C5F6865696768745F636F6E7461696E6572223B693A303B733A33333A22616C7068615F726567696F6E5F736964656261725F7365636F6E645F666F726365223B693A303B733A33323A22616C7068615F726567696F6E5F736964656261725F7365636F6E645F7A6F6E65223B733A373A22636F6E74656E74223B733A33343A22616C7068615F726567696F6E5F736964656261725F7365636F6E645F707265666978223B733A313A2230223B733A33353A22616C7068615F726567696F6E5F736964656261725F7365636F6E645F636F6C756D6E73223B733A313A2233223B733A33343A22616C7068615F726567696F6E5F736964656261725F7365636F6E645F737566666978223B733A313A2230223B733A33343A22616C7068615F726567696F6E5F736964656261725F7365636F6E645F776569676874223B733A313A2233223B733A33363A22616C7068615F726567696F6E5F736964656261725F7365636F6E645F706F736974696F6E223B733A313A2230223B733A33313A22616C7068615F726567696F6E5F736964656261725F7365636F6E645F637373223B733A303A22223B733A34383A22616C7068615F726567696F6E5F736964656261725F7365636F6E645F657175616C5F6865696768745F656C656D656E74223B693A303B733A35303A22616C7068615F726567696F6E5F736964656261725F7365636F6E645F657175616C5F6865696768745F636F6E7461696E6572223B693A303B733A32363A22616C7068615F7A6F6E655F707265666163655F77726170706572223B693A313B733A32343A22616C7068615F7A6F6E655F707265666163655F666F726365223B693A303B733A32343A22616C7068615F7A6F6E655F707265666163655F6F72646572223B693A303B733A32363A22616C7068615F7A6F6E655F707265666163655F73656374696F6E223B733A373A22636F6E74656E74223B733A32353A22616C7068615F7A6F6E655F707265666163655F776569676874223B733A313A2232223B733A32363A22616C7068615F7A6F6E655F707265666163655F636F6C756D6E73223B733A323A223132223B733A32363A22616C7068615F7A6F6E655F707265666163655F7072696D617279223B4E3B733A32323A22616C7068615F7A6F6E655F707265666163655F637373223B733A303A22223B733A33303A22616C7068615F7A6F6E655F707265666163655F777261707065725F637373223B733A303A22223B733A34313A22616C7068615F7A6F6E655F707265666163655F657175616C5F6865696768745F636F6E7461696E6572223B693A303B733A33323A22616C7068615F726567696F6E5F707265666163655F66697273745F666F726365223B693A303B733A33313A22616C7068615F726567696F6E5F707265666163655F66697273745F7A6F6E65223B733A373A2270726566616365223B733A33333A22616C7068615F726567696F6E5F707265666163655F66697273745F707265666978223B733A313A2230223B733A33343A22616C7068615F726567696F6E5F707265666163655F66697273745F636F6C756D6E73223B733A323A223132223B733A33333A22616C7068615F726567696F6E5F707265666163655F66697273745F737566666978223B733A313A2230223B733A33333A22616C7068615F726567696F6E5F707265666163655F66697273745F776569676874223B733A313A2231223B733A33353A22616C7068615F726567696F6E5F707265666163655F66697273745F706F736974696F6E223B733A313A2230223B733A33303A22616C7068615F726567696F6E5F707265666163655F66697273745F637373223B733A303A22223B733A34373A22616C7068615F726567696F6E5F707265666163655F66697273745F657175616C5F6865696768745F656C656D656E74223B693A303B733A34393A22616C7068615F726567696F6E5F707265666163655F66697273745F657175616C5F6865696768745F636F6E7461696E6572223B693A303B733A33333A22616C7068615F726567696F6E5F707265666163655F7365636F6E645F666F726365223B693A303B733A33323A22616C7068615F726567696F6E5F707265666163655F7365636F6E645F7A6F6E65223B733A373A2270726566616365223B733A33343A22616C7068615F726567696F6E5F707265666163655F7365636F6E645F707265666978223B733A313A2230223B733A33353A22616C7068615F726567696F6E5F707265666163655F7365636F6E645F636F6C756D6E73223B733A313A2234223B733A33343A22616C7068615F726567696F6E5F707265666163655F7365636F6E645F737566666978223B733A313A2230223B733A33343A22616C7068615F726567696F6E5F707265666163655F7365636F6E645F776569676874223B733A313A2232223B733A33363A22616C7068615F726567696F6E5F707265666163655F7365636F6E645F706F736974696F6E223B733A313A2230223B733A33313A22616C7068615F726567696F6E5F707265666163655F7365636F6E645F637373223B733A303A22223B733A34383A22616C7068615F726567696F6E5F707265666163655F7365636F6E645F657175616C5F6865696768745F656C656D656E74223B693A303B733A35303A22616C7068615F726567696F6E5F707265666163655F7365636F6E645F657175616C5F6865696768745F636F6E7461696E6572223B693A303B733A33323A22616C7068615F726567696F6E5F707265666163655F74686972645F666F726365223B693A303B733A33313A22616C7068615F726567696F6E5F707265666163655F74686972645F7A6F6E65223B733A373A2270726566616365223B733A33333A22616C7068615F726567696F6E5F707265666163655F74686972645F707265666978223B733A313A2230223B733A33343A22616C7068615F726567696F6E5F707265666163655F74686972645F636F6C756D6E73223B733A313A2234223B733A33333A22616C7068615F726567696F6E5F707265666163655F74686972645F737566666978223B733A313A2230223B733A33333A22616C7068615F726567696F6E5F707265666163655F74686972645F776569676874223B733A313A2233223B733A33353A22616C7068615F726567696F6E5F707265666163655F74686972645F706F736974696F6E223B733A313A2230223B733A33303A22616C7068615F726567696F6E5F707265666163655F74686972645F637373223B733A303A22223B733A34373A22616C7068615F726567696F6E5F707265666163655F74686972645F657175616C5F6865696768745F656C656D656E74223B693A303B733A34393A22616C7068615F726567696F6E5F707265666163655F74686972645F657175616C5F6865696768745F636F6E7461696E6572223B693A303B733A32393A22616C7068615F7A6F6E655F706F73747363726970745F77726170706572223B693A313B733A32373A22616C7068615F7A6F6E655F706F73747363726970745F666F726365223B693A303B733A32373A22616C7068615F7A6F6E655F706F73747363726970745F6F72646572223B693A303B733A32393A22616C7068615F7A6F6E655F706F73747363726970745F73656374696F6E223B733A373A22636F6E74656E74223B733A32383A22616C7068615F7A6F6E655F706F73747363726970745F776569676874223B733A313A2233223B733A32393A22616C7068615F7A6F6E655F706F73747363726970745F636F6C756D6E73223B733A323A223132223B733A32393A22616C7068615F7A6F6E655F706F73747363726970745F7072696D617279223B4E3B733A32353A22616C7068615F7A6F6E655F706F73747363726970745F637373223B733A303A22223B733A33333A22616C7068615F7A6F6E655F706F73747363726970745F777261707065725F637373223B733A303A22223B733A34343A22616C7068615F7A6F6E655F706F73747363726970745F657175616C5F6865696768745F636F6E7461696E6572223B693A303B733A33353A22616C7068615F726567696F6E5F706F73747363726970745F66697273745F666F726365223B693A303B733A33343A22616C7068615F726567696F6E5F706F73747363726970745F66697273745F7A6F6E65223B733A31303A22706F7374736372697074223B733A33363A22616C7068615F726567696F6E5F706F73747363726970745F66697273745F707265666978223B733A313A2230223B733A33373A22616C7068615F726567696F6E5F706F73747363726970745F66697273745F636F6C756D6E73223B733A323A223132223B733A33363A22616C7068615F726567696F6E5F706F73747363726970745F66697273745F737566666978223B733A313A2230223B733A33363A22616C7068615F726567696F6E5F706F73747363726970745F66697273745F776569676874223B733A313A2231223B733A33383A22616C7068615F726567696F6E5F706F73747363726970745F66697273745F706F736974696F6E223B733A313A2230223B733A33333A22616C7068615F726567696F6E5F706F73747363726970745F66697273745F637373223B733A303A22223B733A35303A22616C7068615F726567696F6E5F706F73747363726970745F66697273745F657175616C5F6865696768745F656C656D656E74223B693A303B733A35323A22616C7068615F726567696F6E5F706F73747363726970745F66697273745F657175616C5F6865696768745F636F6E7461696E6572223B693A303B733A33363A22616C7068615F726567696F6E5F706F73747363726970745F7365636F6E645F666F726365223B693A303B733A33353A22616C7068615F726567696F6E5F706F73747363726970745F7365636F6E645F7A6F6E65223B733A31303A22706F7374736372697074223B733A33373A22616C7068615F726567696F6E5F706F73747363726970745F7365636F6E645F707265666978223B733A313A2230223B733A33383A22616C7068615F726567696F6E5F706F73747363726970745F7365636F6E645F636F6C756D6E73223B733A313A2233223B733A33373A22616C7068615F726567696F6E5F706F73747363726970745F7365636F6E645F737566666978223B733A313A2230223B733A33373A22616C7068615F726567696F6E5F706F73747363726970745F7365636F6E645F776569676874223B733A313A2232223B733A33393A22616C7068615F726567696F6E5F706F73747363726970745F7365636F6E645F706F736974696F6E223B733A313A2230223B733A33343A22616C7068615F726567696F6E5F706F73747363726970745F7365636F6E645F637373223B733A303A22223B733A35313A22616C7068615F726567696F6E5F706F73747363726970745F7365636F6E645F657175616C5F6865696768745F656C656D656E74223B693A303B733A35333A22616C7068615F726567696F6E5F706F73747363726970745F7365636F6E645F657175616C5F6865696768745F636F6E7461696E6572223B693A303B733A33353A22616C7068615F726567696F6E5F706F73747363726970745F74686972645F666F726365223B693A303B733A33343A22616C7068615F726567696F6E5F706F73747363726970745F74686972645F7A6F6E65223B733A31303A22706F7374736372697074223B733A33363A22616C7068615F726567696F6E5F706F73747363726970745F74686972645F707265666978223B733A313A2230223B733A33373A22616C7068615F726567696F6E5F706F73747363726970745F74686972645F636F6C756D6E73223B733A313A2233223B733A33363A22616C7068615F726567696F6E5F706F73747363726970745F74686972645F737566666978223B733A313A2230223B733A33363A22616C7068615F726567696F6E5F706F73747363726970745F74686972645F776569676874223B733A313A2233223B733A33383A22616C7068615F726567696F6E5F706F73747363726970745F74686972645F706F736974696F6E223B733A313A2230223B733A33333A22616C7068615F726567696F6E5F706F73747363726970745F74686972645F637373223B733A303A22223B733A35303A22616C7068615F726567696F6E5F706F73747363726970745F74686972645F657175616C5F6865696768745F656C656D656E74223B693A303B733A35323A22616C7068615F726567696F6E5F706F73747363726970745F74686972645F657175616C5F6865696768745F636F6E7461696E6572223B693A303B733A33363A22616C7068615F726567696F6E5F706F73747363726970745F666F757274685F666F726365223B693A303B733A33353A22616C7068615F726567696F6E5F706F73747363726970745F666F757274685F7A6F6E65223B733A31303A22706F7374736372697074223B733A33373A22616C7068615F726567696F6E5F706F73747363726970745F666F757274685F707265666978223B733A313A2230223B733A33383A22616C7068615F726567696F6E5F706F73747363726970745F666F757274685F636F6C756D6E73223B733A313A2233223B733A33373A22616C7068615F726567696F6E5F706F73747363726970745F666F757274685F737566666978223B733A313A2230223B733A33373A22616C7068615F726567696F6E5F706F73747363726970745F666F757274685F776569676874223B733A313A2234223B733A33393A22616C7068615F726567696F6E5F706F73747363726970745F666F757274685F706F736974696F6E223B733A313A2230223B733A33343A22616C7068615F726567696F6E5F706F73747363726970745F666F757274685F637373223B733A303A22223B733A35313A22616C7068615F726567696F6E5F706F73747363726970745F666F757274685F657175616C5F6865696768745F656C656D656E74223B693A303B733A35333A22616C7068615F726567696F6E5F706F73747363726970745F666F757274685F657175616C5F6865696768745F636F6E7461696E6572223B693A303B733A32353A22616C7068615F7A6F6E655F666F6F7465725F77726170706572223B693A313B733A32333A22616C7068615F7A6F6E655F666F6F7465725F666F726365223B693A303B733A32333A22616C7068615F7A6F6E655F666F6F7465725F6F72646572223B693A303B733A32353A22616C7068615F7A6F6E655F666F6F7465725F73656374696F6E223B733A363A22666F6F746572223B733A32343A22616C7068615F7A6F6E655F666F6F7465725F776569676874223B733A313A2231223B733A32353A22616C7068615F7A6F6E655F666F6F7465725F636F6C756D6E73223B733A323A223132223B733A32353A22616C7068615F7A6F6E655F666F6F7465725F7072696D617279223B4E3B733A32313A22616C7068615F7A6F6E655F666F6F7465725F637373223B733A303A22223B733A32393A22616C7068615F7A6F6E655F666F6F7465725F777261707065725F637373223B733A303A22223B733A34303A22616C7068615F7A6F6E655F666F6F7465725F657175616C5F6865696768745F636F6E7461696E6572223B693A303B733A33313A22616C7068615F726567696F6E5F666F6F7465725F66697273745F666F726365223B693A303B733A33303A22616C7068615F726567696F6E5F666F6F7465725F66697273745F7A6F6E65223B733A363A22666F6F746572223B733A33323A22616C7068615F726567696F6E5F666F6F7465725F66697273745F707265666978223B733A313A2230223B733A33333A22616C7068615F726567696F6E5F666F6F7465725F66697273745F636F6C756D6E73223B733A323A223132223B733A33323A22616C7068615F726567696F6E5F666F6F7465725F66697273745F737566666978223B733A313A2230223B733A33323A22616C7068615F726567696F6E5F666F6F7465725F66697273745F776569676874223B733A313A2231223B733A33343A22616C7068615F726567696F6E5F666F6F7465725F66697273745F706F736974696F6E223B733A313A2230223B733A32393A22616C7068615F726567696F6E5F666F6F7465725F66697273745F637373223B733A303A22223B733A34363A22616C7068615F726567696F6E5F666F6F7465725F66697273745F657175616C5F6865696768745F656C656D656E74223B693A303B733A34383A22616C7068615F726567696F6E5F666F6F7465725F66697273745F657175616C5F6865696768745F636F6E7461696E6572223B693A303B733A33323A22616C7068615F726567696F6E5F666F6F7465725F7365636F6E645F666F726365223B693A303B733A33313A22616C7068615F726567696F6E5F666F6F7465725F7365636F6E645F7A6F6E65223B733A363A22666F6F746572223B733A33333A22616C7068615F726567696F6E5F666F6F7465725F7365636F6E645F707265666978223B733A313A2230223B733A33343A22616C7068615F726567696F6E5F666F6F7465725F7365636F6E645F636F6C756D6E73223B733A323A223132223B733A33333A22616C7068615F726567696F6E5F666F6F7465725F7365636F6E645F737566666978223B733A313A2230223B733A33333A22616C7068615F726567696F6E5F666F6F7465725F7365636F6E645F776569676874223B733A313A2232223B733A33353A22616C7068615F726567696F6E5F666F6F7465725F7365636F6E645F706F736974696F6E223B733A313A2230223B733A33303A22616C7068615F726567696F6E5F666F6F7465725F7365636F6E645F637373223B733A303A22223B733A34373A22616C7068615F726567696F6E5F666F6F7465725F7365636F6E645F657175616C5F6865696768745F656C656D656E74223B693A303B733A34393A22616C7068615F726567696F6E5F666F6F7465725F7365636F6E645F657175616C5F6865696768745F636F6E7461696E6572223B693A303B7D'),
('update_last_check', x'693A313336393136363130353B');
--
-- Drop keys of views_display
--
ALTER TABLE views_display
  DROP INDEX vid,
  CHANGE COLUMN vid vid INT(10) UNSIGNED NOT NULL DEFAULT 0 COMMENT 'The view this display is attached to.',
  CHANGE COLUMN id id VARCHAR(64) NOT NULL DEFAULT '' COMMENT 'An identifier for this display; usually generated from the display_plugin, so should be something like page or page_1 or block_2, etc.';

--
-- Inserting data into table views_display
--
INSERT INTO views_display(vid, id, display_title, display_plugin, `position`, display_options) VALUES
(1, 'block', 'Block', 'block', 2, 'a:2:{s:5:"query";a:2:{s:4:"type";s:11:"views_query";s:7:"options";a:0:{}}s:8:"defaults";a:1:{s:16:"hide_admin_links";b:0;}}'),
(1, 'default', 'Master', 'default', 1, 'a:13:{s:5:"query";a:2:{s:4:"type";s:11:"views_query";s:7:"options";a:0:{}}s:5:"title";s:6:"<none>";s:15:"use_more_always";b:0;s:6:"access";a:1:{s:4:"type";s:4:"perm";}s:5:"cache";a:1:{s:4:"type";s:4:"none";}s:12:"exposed_form";a:1:{s:4:"type";s:5:"basic";}s:5:"pager";a:2:{s:4:"type";s:4:"some";s:7:"options";a:1:{s:14:"items_per_page";s:1:"3";}}s:12:"style_plugin";s:7:"default";s:10:"row_plugin";s:6:"fields";s:6:"header";a:1:{s:4:"area";a:5:{s:2:"id";s:4:"area";s:5:"table";s:5:"views";s:5:"field";s:4:"area";s:7:"content";s:38:"<h2>Donec id<span> Nuculat</span></h2>";s:6:"format";s:8:"php_code";}}s:6:"fields";a:3:{s:12:"field_imagen";a:7:{s:2:"id";s:12:"field_imagen";s:5:"table";s:23:"field_data_field_imagen";s:5:"field";s:12:"field_imagen";s:5:"label";s:0:"";s:19:"element_label_colon";b:0;s:17:"click_sort_column";s:3:"fid";s:8:"settings";a:2:{s:11:"image_style";s:10:"image-blog";s:10:"image_link";s:0:"";}}s:5:"title";a:5:{s:2:"id";s:5:"title";s:5:"table";s:4:"node";s:5:"field";s:5:"title";s:5:"label";s:0:"";s:5:"alter";a:2:{s:13:"word_boundary";b:0;s:8:"ellipsis";b:0;}}s:4:"body";a:5:{s:2:"id";s:4:"body";s:5:"table";s:15:"field_data_body";s:5:"field";s:4:"body";s:5:"label";s:0:"";s:19:"element_label_colon";b:0;}}s:5:"sorts";a:1:{s:7:"created";a:4:{s:2:"id";s:7:"created";s:5:"table";s:4:"node";s:5:"field";s:7:"created";s:5:"order";s:4:"DESC";}}s:7:"filters";a:2:{s:6:"status";a:6:{s:2:"id";s:6:"status";s:5:"table";s:4:"node";s:5:"field";s:6:"status";s:5:"value";i:1;s:5:"group";i:1;s:6:"expose";a:1:{s:8:"operator";b:0;}}s:4:"type";a:4:{s:2:"id";s:4:"type";s:5:"table";s:4:"node";s:5:"field";s:4:"type";s:5:"value";a:1:{s:4:"blog";s:4:"blog";}}}}'),
(2, 'block', 'Block', 'block', 2, 'a:2:{s:5:"query";a:2:{s:4:"type";s:11:"views_query";s:7:"options";a:0:{}}s:8:"defaults";a:1:{s:16:"hide_admin_links";b:0;}}'),
(2, 'default', 'Master', 'default', 1, 'a:13:{s:5:"query";a:2:{s:4:"type";s:11:"views_query";s:7:"options";a:0:{}}s:5:"title";s:18:"Slideshow homepage";s:15:"use_more_always";b:0;s:6:"access";a:1:{s:4:"type";s:4:"perm";}s:5:"cache";a:1:{s:4:"type";s:4:"none";}s:12:"exposed_form";a:1:{s:4:"type";s:5:"basic";}s:5:"pager";a:2:{s:4:"type";s:4:"some";s:7:"options";a:1:{s:14:"items_per_page";s:1:"5";}}s:12:"style_plugin";s:9:"slideshow";s:13:"style_options";a:5:{s:14:"slideshow_type";s:21:"views_slideshow_cycle";s:14:"slideshow_skin";s:7:"default";s:9:"skin_info";a:5:{s:5:"class";s:7:"default";s:4:"name";s:7:"Default";s:6:"module";s:15:"views_slideshow";s:4:"path";s:0:"";s:11:"stylesheets";a:0:{}}s:7:"widgets";a:2:{s:3:"top";a:3:{s:21:"views_slideshow_pager";a:3:{s:6:"weight";s:1:"1";s:4:"type";s:28:"views_slideshow_pager_fields";s:35:"views_slideshow_pager_fields_fields";a:3:{s:5:"title";i:0;s:4:"body";i:0;s:22:"field_imagen_slideshow";i:0;}}s:24:"views_slideshow_controls";a:2:{s:6:"weight";s:1:"1";s:4:"type";s:29:"views_slideshow_controls_text";}s:29:"views_slideshow_slide_counter";a:1:{s:6:"weight";s:1:"1";}}s:6:"bottom";a:3:{s:21:"views_slideshow_pager";a:3:{s:6:"weight";s:1:"1";s:4:"type";s:28:"views_slideshow_pager_fields";s:35:"views_slideshow_pager_fields_fields";a:3:{s:5:"title";i:0;s:4:"body";i:0;s:22:"field_imagen_slideshow";i:0;}}s:24:"views_slideshow_controls";a:3:{s:6:"enable";i:1;s:6:"weight";s:1:"1";s:4:"type";s:29:"views_slideshow_controls_text";}s:29:"views_slideshow_slide_counter";a:1:{s:6:"weight";s:1:"1";}}}s:21:"views_slideshow_cycle";a:10:{s:7:"timeout";s:4:"5000";s:5:"speed";s:3:"700";s:5:"delay";s:1:"0";s:15:"action_advanced";i:1;s:12:"start_paused";i:0;s:19:"remember_slide_days";s:1:"1";s:15:"items_per_slide";s:1:"1";s:27:"wait_for_image_load_timeout";s:4:"3000";s:9:"cleartype";i:0;s:13:"cleartypenobg";i:0;}}s:10:"row_plugin";s:6:"fields";s:6:"fields";a:2:{s:4:"body";a:5:{s:2:"id";s:4:"body";s:5:"table";s:15:"field_data_body";s:5:"field";s:4:"body";s:5:"label";s:0:"";s:19:"element_label_colon";b:0;}s:22:"field_imagen_slideshow";a:7:{s:2:"id";s:22:"field_imagen_slideshow";s:5:"table";s:33:"field_data_field_imagen_slideshow";s:5:"field";s:22:"field_imagen_slideshow";s:5:"label";s:0:"";s:19:"element_label_colon";b:0;s:17:"click_sort_column";s:3:"fid";s:8:"settings";a:2:{s:11:"image_style";s:0:"";s:10:"image_link";s:0:"";}}}s:5:"sorts";a:1:{s:7:"created";a:4:{s:2:"id";s:7:"created";s:5:"table";s:4:"node";s:5:"field";s:7:"created";s:5:"order";s:4:"DESC";}}s:7:"filters";a:2:{s:6:"status";a:6:{s:2:"id";s:6:"status";s:5:"table";s:4:"node";s:5:"field";s:6:"status";s:5:"value";i:1;s:5:"group";i:1;s:6:"expose";a:1:{s:8:"operator";b:0;}}s:4:"type";a:4:{s:2:"id";s:4:"type";s:5:"table";s:4:"node";s:5:"field";s:4:"type";s:5:"value";a:1:{s:18:"slideshow_homepage";s:18:"slideshow_homepage";}}}}');
--
-- Сreating keys for views_display
--
ALTER TABLE views_display
  ADD INDEX vid (vid, `position`);

--
-- Drop keys of views_view
--
ALTER TABLE views_view
  DROP INDEX name,
  CHANGE COLUMN vid vid INT(10) UNSIGNED NOT NULL AUTO_INCREMENT COMMENT 'The view ID of the field, defined by the database.',
  CHANGE COLUMN name name VARCHAR(128) NOT NULL DEFAULT '' COMMENT 'The unique name of the view. This is the primary field views are loaded from, and is used so that views may be internal and not necessarily in the database. May only be alphanumeric characters plus underscores.';

--
-- Inserting data into table views_view
--
INSERT INTO views_view(vid, name, description, tag, base_table, human_name, core) VALUES
(1, 'noticias', '', 'default', 'node', 'Noticias', 7),
(2, 'slideshow_homepage', '', 'default', 'node', 'Slideshow homepage', 7);
--
-- Сreating keys for views_view
--
ALTER TABLE views_view
  CHANGE COLUMN name name VARCHAR(128) NOT NULL DEFAULT '' COMMENT 'The unique name of the view. This is the primary field views are loaded from, and is used so that views may be internal and not necessarily in the database. May only be alphanumeric characters plus underscores.';

ALTER TABLE views_view
  ADD UNIQUE INDEX name (name);


--
-- Enable foreign keys
--
/*!40014 SET FOREIGN_KEY_CHECKS=@OLD_FOREIGN_KEY_CHECKS */;
